year;week_number;store_id;department_id;uto_value;bests_value;tc_percent_value;twenty_eighty_percent_value;turnover_value;gold_value;uto_rating;bests_rating;tc_percent_rating;twenty_eighty_percent_rating
2025;1;7;1;6.23;1.6;15.8;44.2;54.9;63;9;1;3;10
2025;2;7;1;3.65;2.5;15.6;42.7;56.8;100;7;3;2;9
2025;3;7;1;2.03;4.1;15.6;40.5;55.2;79;1;4;4;11
2025;4;7;1;2.81;4.1;9.1;43.5;54.6;88;2;6;3;6
2025;5;7;1;6.22;3.4;8.5;50.4;55.8;80;10;7;3;4
2025;6;7;1;4.73;2.6;13.5;39.3;60;74;10;3;3;6
2025;7;7;1;4.73;1.7;7.57;49;50.4;68;7;3;3;1
2025;8;7;1;2.99;0;9.6;42.51;54.4;69;5;1;3;7
2025;9;7;1;3.07;0;9.54;42.14;54.4;91;5;1;3;6
2025;10;7;1;3.27;1.6;0;47.46;57.6;91;8;5;1;9
2025;11;7;1;3.76;0.8;9.72;40.82;57.5;69;8;1;3;7
2025;12;7;1;2.43;0.8;9.54;42.7;55.3;76;3;1;3;6
2025;13;7;1;2.78;0;10.47;42.5;53.3;52;3;1;3;7
2025;14;7;1;2.55;0.8;9.88;42.93;51;66;4;1;3;10
2025;15;7;1;1.84;0.8;4.48;49.65;47.1;83;4;2;3;7
2025;16;7;1;5.51;0.8;3.41;50.57;48.7;71;8;2;2;8
2025;17;7;1;4.6;1.6;5.91;50.33;49.8;84;4;5;3;8
2025;18;7;1;1.95;0.8;5.31;52.67;48.9;80;5;2;3;8
2025;19;7;1;1.96;1.7;4.96;51.72;46;65;5;4;3;8
2025;20;7;1;1.49;1.7;5.45;51.64;46.4;79;1;3;3;7
2025;21;7;1;1.69;0.8;4.91;52.12;44.4;63;2;2;3;5
2025;22;7;1;1.83;1.7;5.01;51.16;43.3;76;4;1;3;5
2025;23;7;1;3.21;0.8;4.88;51.6;41;75;8;3;3;6
2025;24;7;1;3.45;0.8;5.29;50.94;40.1;78;10;3;3;9
2025;25;7;1;1.85;1.6;4.77;49.47;39.1;95;4;5;3;11
2025;26;7;1;1.46;3.9;4.73;51.09;41.9;86;3;13;3;6
2025;27;7;1;2.13;3.8;4.49;51.61;42.9;87;9;11;3;7
2025;28;7;1;2.13;3.8;4.86;51.95;43.8;86;9;11;3;4
2025;29;7;1;1.81;0.8;4.68;50.53;44.2;84;4;1;3;7
2025;30;7;1;1.47;0.8;5.02;49.36;42.8;84;3;3;3;8
2025;31;7;1;1.11;0.8;5.46;46.47;42.4;88;2;2;3;10
2025;32;7;1;0.72;2.3;5.67;46.32;38.4;89;1;6;3;11
2025;33;7;1;1.36;3.1;5.5;47.01;38.3;88;1;7;3;11
2025;34;7;1;2.05;1.6;5.77;45.08;35.2;81;5;2;3;13
2025;35;7;1;1.55;0.8;5.23;47.22;35.9;84;1;2;3;11
2025;36;7;1;1.74;0;6.24;45;36.6;90;1;1;3;9
2025;37;7;1;1.49;0.8;4.73;49.5;35.9;92;2;2;2;8
2025;38;7;1;1.51;2.4;4.66;49.41;35.8;79;5;7;3;11
2025;39;7;1;1.58;2.3;4.66;49.41;35.8;89;3;5;3;11
2025;40;7;1;0.8;3.8;3.71;49.55;35.2;86;1;10;3;11
2025;41;7;1;2.22;2.3;5.75;48.3;35.9;70;7;8;4;12
2025;42;7;1;1.94;0.7;5.99;49.5;35.7;66;6;1;4;11
2025;43;7;1;0.8;0.7;8.03;50.9;37.2;75;1;2;3;10
2025;1;14;1;6.15;5.9;20.8;45.8;76.6;71;7;12;9;4
2025;2;14;1;3.71;4.4;20.5;44.4;77;100;8;7;8;3
2025;3;14;1;3.11;5.2;19.8;44;75.7;78;6;6;8;3
2025;4;14;1;3.35;1.8;12.8;42.8;74.5;97;4;3;8;7
2025;5;14;1;2.6;1.7;12.4;49.3;75.7;74;1;3;9;7
2025;6;14;1;2.61;4.4;19.9;38.3;60;71;3;11;7;8
2025;7;14;1;2.61;5.5;13.13;46.94;65.4;79;6;12;9;3
2025;8;14;1;3.64;1.8;15.2;41.71;69.8;66;8;5;8;5
2025;9;14;1;1.91;2.5;16.06;39.82;69.4;96;2;7;9;10
2025;10;14;1;2.49;3.3;0;46.73;73.1;93;6;9;2;11
2025;11;14;1;3.1;2.5;15.31;36.66;73.1;81;5;6;7;12
2025;12;14;1;3.78;1.6;14.62;37.6;67.6;79;7;3;8;12
2025;13;14;1;3.36;0.8;14.05;40.67;68.1;46;5;3;7;10
2025;14;14;1;2.06;1.6;14.01;40.08;66.2;40;3;5;7;12
2025;15;14;1;1.34;1.6;7.04;48.19;57.8;68;1;3;5;11
2025;16;14;1;5.31;2.4;6.74;50.65;56.5;67;7;5;7;7
2025;17;14;1;4.94;2.4;9.66;51.7;54.7;84;6;7;7;7
2025;18;14;1;1.76;1.6;8.91;50.39;51.9;78;3;5;6;11
2025;19;14;1;1.64;0.8;8.23;50.92;53.3;53;3;1;6;9
2025;20;14;1;1.76;2.4;9.14;52.82;53.6;78;3;5;5;4
2025;21;14;1;1.81;1.7;8.32;50.62;50.8;72;4;7;4;7
2025;22;14;1;1.65;1.7;8.92;49.99;50.2;86;3;2;6;10
2025;23;14;1;2.92;1.7;8.63;51.9;48.1;87;6;8;7;5
2025;24;14;1;2.97;0;9.06;49.79;44.9;80;7;1;7;10
2025;25;14;1;1.76;0.9;9.5;47.54;43.6;86;3;3;7;13
2025;26;14;1;1.74;0.9;9.55;49.46;47.6;82;4;5;7;11
2025;27;14;1;1.6;0.9;7.67;51.32;50.9;82;5;5;6;8
2025;28;14;1;1.6;0.9;8.57;50.67;51.7;82;5;5;7;6
2025;29;14;1;1.41;1.7;8.08;49.27;51.2;81;1;5;7;9
2025;30;14;1;0.84;0;8.24;49.48;50;95;1;1;8;7
2025;31;14;1;0.79;2.5;8.56;48.04;48.3;81;1;6;8;8
2025;32;14;1;2.19;1.7;8.26;47.38;47.3;90;3;3;6;10
2025;33;14;1;1.42;5.4;8.36;48.72;43.9;70;2;12;7;9
2025;34;14;1;1.79;6.4;9.06;47.59;41.7;68;2;13;7;9
2025;35;14;1;1.87;3.3;7.61;47.86;39.6;82;3;6;5;10
2025;36;14;1;1.94;4;7.72;45.09;37.5;90;3;9;5;8
2025;37;14;1;1.15;2.5;6.59;49.32;37;79;1;7;5;9
2025;38;14;1;1.27;0.8;5.9;51.78;37.9;72;1;1;5;7
2025;39;14;1;1.54;0;5.9;51.78;37.9;83;2;1;5;7
2025;40;14;1;0.87;0.8;5.9;51.37;39.9;83;2;2;4;8
2025;41;14;1;1.38;0;7;51.39;42.8;74;2;1;5;7
2025;42;14;1;0.88;1.6;6.99;51.27;41.9;74;1;3;5;7
2025;43;14;1;1.37;0.8;9.17;52.91;43.4;78;2;3;5;5
2025;1;94;1;4.79;4.9;18.2;43.5;57.9;70;3;9;6;11
2025;2;94;1;3.64;4.1;17.9;43.1;62.4;100;6;6;5;7
2025;3;94;1;2.92;4.9;17.3;41.2;62.7;79;5;5;5;9
2025;4;94;1;2.93;5.8;12;41.9;60;84;3;10;6;8
2025;5;94;1;4.11;2.5;11.3;46.5;62.3;74;8;5;5;10
2025;6;94;1;2.62;3.3;18.6;37.6;60;78;4;5;6;9
2025;7;94;1;2.62;4.3;11.83;43.34;51.9;73;5;10;5;8
2025;8;94;1;3.8;1.6;12.13;42.14;57.6;74;10;4;6;6
2025;9;94;1;2.49;0.8;13.5;41.38;61.3;90;4;3;6;8
2025;10;94;1;2.53;0;0;46.78;64.3;77;7;1;5;10
2025;11;94;1;3.81;0.8;14.44;38.67;64.3;68;9;2;6;10
2025;12;94;1;3.81;1.5;14.23;40.01;59.9;70;8;2;6;10
2025;13;94;1;4.12;0;15.07;38.17;60.2;39;8;2;8;13
2025;14;94;1;4.17;1.6;14.45;40.93;59.3;26;10;6;9;11
2025;15;94;1;3.38;3;8.86;48.31;57.4;48;8;7;9;10
2025;16;94;1;6.35;3.3;8.17;49.95;57.5;75;11;7;9;10
2025;17;94;1;5.32;1.6;10.54;47.49;54.1;69;9;6;8;12
2025;18;94;1;2.54;2.5;9.65;48.94;50.2;78;6;6;7;12
2025;19;94;1;2.05;2.4;7.91;49.89;50.5;69;6;7;5;11
2025;20;94;1;2.36;2.4;9.37;48.55;51.5;70;5;6;6;12
2025;21;94;1;1.64;3.2;8.36;46.98;50.3;81;1;12;5;12
2025;22;94;1;2.01;2.4;7.75;49.42;50.6;76;5;4;4;12
2025;23;94;1;2.27;1.6;7.48;47.38;47.8;74;3;6;4;13
2025;24;94;1;1.93;3.1;8.3;48.31;44.8;90;3;11;6;13
2025;25;94;1;1.55;2.3;7.55;49.21;44.6;89;2;8;6;12
2025;26;94;1;1.86;1.5;7.82;48.01;44.6;88;6;7;4;12
2025;27;94;1;1.82;0.8;6.66;50.71;45.9;85;7;3;4;9
2025;28;94;1;1.82;0.8;7.15;49.94;44.9;83;7;3;4;8
2025;29;94;1;2.16;3;6.98;46.41;41.9;89;5;9;5;11
2025;30;94;1;1.64;0;6.7;46.43;41.7;84;4;2;4;12
2025;31;94;1;1.98;1.5;6.69;45.98;40.4;85;4;3;4;11
2025;32;94;1;2.43;2.3;6.63;46.16;37.4;89;5;7;4;12
2025;33;94;1;2.08;3.1;6.74;44.83;35.2;77;4;8;4;13
2025;34;94;1;2.22;2.3;6.46;45.32;32.6;81;7;4;4;12
2025;35;94;1;2.2;6.6;6.36;45.26;30.8;69;4;13;4;13
2025;36;94;1;3.04;7.8;7.35;43.49;31.5;91;10;13;4;11
2025;37;94;1;3.79;3.9;4.84;48.11;31.7;81;10;11;3;12
2025;38;94;1;1.48;5.3;3.81;51.34;32.4;77;4;12;2;8
2025;39;94;1;2.17;3.1;3.81;51.34;32.4;87;7;6;2;8
2025;40;94;1;1.38;3.1;3.38;51.1;34.5;73;4;9;2;9
2025;41;94;1;1.85;1.6;4.85;50.54;36.4;83;3;5;2;8
2025;42;94;1;1.56;3.3;4.99;50.3;34.2;81;2;9;2;9
2025;43;94;1;2;0;6.26;50.24;36.4;79;6;1;2;11
2025;1;7;2;6.83;6.3;14.1;37.5;52.4;75;9;12;4;9
2025;2;7;2;5.45;4.9;13.9;36.7;47.6;89;11;8;4;7
2025;3;7;2;6.57;5.4;14.3;34.2;44.7;82;6;5;4;9
2025;4;7;2;9.15;6;13.8;32.6;45.6;72;7;3;4;10
2025;5;7;2;10.84;2;8.7;41.6;49.1;73;6;2;3;11
2025;6;7;2;6.85;1;15;32.6;51.5;76;4;1;4;5
2025;7;7;2;4.54;2.1;8.88;44.19;52.7;70;5;4;3;4
2025;8;7;2;3.81;1.1;12.02;35.07;54.4;63;4;1;4;8
2025;9;7;2;3.91;1.1;13.02;34.87;58.1;67;4;1;5;7
2025;10;7;2;4.12;1.1;0.35;45.97;59.8;74;8;2;10;8
2025;11;7;2;3.81;4.1;13.48;36.34;61.8;69;6;9;5;3
2025;12;7;2;4.97;2;14.01;34.77;61.3;65;9;4;4;6
2025;13;7;2;3.67;3.1;14.75;33.76;58.3;70;6;6;5;6
2025;14;7;2;5.51;2.2;15.35;33;57.3;38;8;4;6;9
2025;15;7;2;6.45;3.4;6.87;46.55;54.3;72;9;2;4;8
2025;16;7;2;6.65;5.6;4.9;47.76;54;75;7;7;3;8
2025;17;7;2;6.62;5.6;9.56;41.79;56;74;6;9;5;13
2025;18;7;2;4.08;4.4;11.21;43.09;55.9;75;4;9;5;12
2025;19;7;2;3.52;2.4;8.83;42.5;52.5;59;6;5;4;12
2025;20;7;2;3.46;4.7;9.2;44.44;49.1;70;6;6;2;9
2025;21;7;2;3.84;5.6;9.61;41.99;44.8;71;4;11;3;12
2025;22;7;2;3.75;10.1;7.59;43.61;47.4;73;5;12;1;12
2025;23;7;2;5.3;6.8;8.03;44.43;45.5;79;10;12;2;10
2025;24;7;2;5.44;5.6;8.17;44.49;46.8;73;10;8;2;9
2025;25;7;2;5.03;1.2;7.22;44.66;46.9;75;9;3;1;9
2025;26;7;2;3.2;2.3;8.24;43;47.4;81;2;2;3;10
2025;27;7;2;2.09;2.2;7.88;42.98;46.5;85;1;2;3;11
2025;28;7;2;2.09;2.2;7.88;43.27;48.3;83;1;2;2;11
2025;29;7;2;2.62;1.2;7.33;43.78;48.5;76;1;3;3;12
2025;30;7;2;2.94;3.3;8.06;41.51;48.2;96;3;7;4;13
2025;31;7;2;2.66;1.2;8.59;40.48;49.8;88;1;3;3;13
2025;32;7;2;3.51;6.2;8.87;41.21;49.5;76;2;11;2;13
2025;33;7;2;3.02;3.8;9.18;40.71;49.9;71;1;9;3;13
2025;34;7;2;3.91;3.1;9.43;38.98;47.3;64;2;3;3;12
2025;35;7;2;3.23;5.3;8.83;39.28;46.2;86;1;11;3;12
2025;36;7;2;2.83;5.4;14.55;29.64;45.1;79;1;9;5;11
2025;37;7;2;2.74;7.1;8.73;39.54;45.6;84;1;11;2;12
2025;38;7;2;5.63;10.6;8.61;39.95;43.8;73;5;12;1;13
2025;39;7;2;5.34;7;8.61;39.95;43.8;79;4;8;1;13
2025;40;7;2;4.2;11.2;7.82;37.73;40.2;89;4;12;1;13
2025;41;7;2;4.38;6.7;7.84;40.52;43.4;92;6;12;1;13
2025;42;7;2;5.2;7.2;8.71;42.01;43.4;77;10;11;1;12
2025;43;7;2;4.6;0;9.69;40.79;44.7;82;7;1;1;12
2025;1;14;2;5.54;2.2;15.9;35.3;66.3;89;5;5;5;10
2025;2;14;2;4.12;1;15.4;35;64.9;100;5;1;5;10
2025;3;14;2;8.33;4.3;15.3;33.7;64.3;67;11;1;5;10
2025;4;14;2;11.46;10.1;14.5;32;66.2;67;8;9;5;13
2025;5;14;2;10.99;3.4;10.9;42.1;67;60;7;6;5;9
2025;6;14;2;7.08;5.7;19.2;31.2;63.7;70;6;9;8;7
2025;7;14;2;6.38;2.4;11.63;44.63;61.5;74;7;5;6;6
2025;8;14;2;5;3.9;14.07;32.74;61.4;65;5;8;7;5
2025;9;14;2;5.38;2.6;14.24;34.74;68.3;73;8;6;7;8
2025;10;14;2;2.43;1.2;0.02;46.99;80.4;72;2;4;2;5
2025;11;14;2;2.39;4.6;14.8;34.24;80.1;56;1;10;6;9
2025;12;14;2;3.74;5.9;18.07;30.98;82.7;53;5;12;8;12
2025;13;14;2;2.96;6;18.11;29.31;73.3;69;2;12;8;13
2025;14;14;2;5.07;3.7;18.82;29.41;67.4;27;5;8;8;13
2025;15;14;2;6.12;6.2;8.5;44.18;63.6;64;8;8;6;11
2025;16;14;2;6.13;6.6;7.25;46.73;54.4;78;6;9;6;10
2025;17;14;2;6.82;6.4;9.74;42.96;57;75;7;10;6;12
2025;18;14;2;5.55;2.5;11.77;42.75;56.5;67;10;6;6;13
2025;19;14;2;4.62;1.3;9.31;41.31;56.5;60;9;3;6;13
2025;20;14;2;5.61;1.2;9.61;41.26;58.1;67;10;2;4;13
2025;21;14;2;4.06;2.6;9.4;41.66;55.7;62;6;4;2;13
2025;22;14;2;4.63;5;8.35;43.71;58.5;73;8;7;3;11
2025;23;14;2;4.35;5;8.53;42.7;56;73;3;10;3;13
2025;24;14;2;3.98;6;9.66;43.73;54.3;61;5;9;4;10
2025;25;14;2;4.77;3.8;7.99;42.68;55.4;61;8;7;4;13
2025;26;14;2;4.52;2.5;9.21;41.98;56.3;71;6;4;4;13
2025;27;14;2;3.64;3.5;9.03;43.3;52.3;76;6;7;4;10
2025;28;14;2;3.64;3.5;9.34;41.43;51;81;6;7;4;12
2025;29;14;2;5.57;3.8;8.41;44.66;54;69;7;13;6;11
2025;30;14;2;5.28;4.9;8.61;43.97;55.1;84;9;8;5;11
2025;31;14;2;4.19;1.3;9.6;41.81;59.4;75;7;4;5;12
2025;32;14;2;3.26;2.4;10.95;42.05;60;75;1;3;8;11
2025;33;14;2;4.34;2.2;10.7;40.78;57.6;69;4;6;5;12
2025;34;14;2;5.01;7.1;9.99;39.81;58.9;68;8;11;4;11
2025;35;14;2;3.86;1.1;9.48;39.97;56.3;66;2;1;5;11
2025;36;14;2;3.14;6.4;15.98;27.31;55.7;76;2;11;9;12
2025;37;14;2;4.72;7;10.11;38.5;55.7;72;5;10;6;13
2025;38;14;2;5.48;12;9.19;40.85;52.8;72;4;13;4;12
2025;39;14;2;5.62;2.5;9.19;40.85;52.8;72;5;1;4;12
2025;40;14;2;4.45;3.8;8.59;41.39;49.9;87;5;4;3;11
2025;41;14;2;5;2.3;8.83;41.66;49.3;82;8;1;2;12
2025;42;14;2;4.44;3.4;9.28;41.89;48.6;72;5;5;2;13
2025;43;14;2;4.53;3.5;10.86;44.47;55.4;70;6;9;5;10
2025;1;94;2;5.75;4.3;12.9;41.6;53.1;97;8;9;2;1
2025;2;94;2;4.86;3.2;12.8;40;50.8;100;8;4;2;2
2025;3;94;2;4.71;8.6;12.7;38;47.2;83;4;8;2;3
2025;4;94;2;8.66;12;12.5;34.7;45.9;66;5;12;3;6
2025;5;94;2;17.74;4.2;9.2;46.4;48.3;77;12;7;4;3
2025;6;94;2;10.29;8.6;17.3;33.5;52.8;65;11;13;5;4
2025;7;94;2;7.01;5.7;11.19;49.24;53.9;73;9;9;5;11
2025;8;94;2;6.24;3.5;12.33;34.26;56.5;65;8;7;5;7
2025;9;94;2;4.85;2.3;12.45;35.85;58.9;81;6;4;4;5
2025;10;94;2;2.68;3.2;0.47;49.9;57.4;63;3;9;13;3
2025;11;94;2;3.62;1.1;12.54;34.63;62;66;4;4;4;8
2025;12;94;2;3.14;4.7;13.49;31.83;59;75;2;10;3;11
2025;13;94;2;3.6;4.7;12.97;32.74;55.4;70;5;11;2;9
2025;14;94;2;5.88;5.1;12.59;33.47;58.9;17;10;10;2;7
2025;15;94;2;5.57;5.1;7.63;46.27;53.3;69;7;6;5;9
2025;16;94;2;6.04;2.6;6.49;47.9;49.3;75;5;1;5;7
2025;17;94;2;7.64;4.1;8.33;44.86;51.3;76;9;7;4;7
2025;18;94;2;5.01;0;10.74;43.92;52.1;78;7;1;4;8
2025;19;94;2;2.3;2.6;9.06;45.36;53.1;58;3;6;5;10
2025;20;94;2;2.17;4.8;10.29;45.74;51.7;72;1;7;5;8
2025;21;94;2;3.96;7.4;10.95;43.91;47.5;55;5;12;4;10
2025;22;94;2;3.87;5.1;10.17;45.09;50.8;71;6;8;5;8
2025;23;94;2;5.19;6.3;10.74;43.31;48.1;74;8;11;7;12
2025;24;94;2;6.44;7.5;11.63;45.58;48.3;66;12;11;7;8
2025;25;94;2;4.46;1.3;10.46;46.19;52.1;75;6;4;7;8
2025;26;94;2;3.75;2.5;11.05;43.97;53.4;74;4;5;8;8
2025;27;94;2;3.24;4.5;11.03;47.15;53.7;64;5;9;8;6
2025;28;94;2;3.24;4.5;11.18;46.39;54.1;69;5;9;8;7
2025;29;94;2;4.23;2.3;10.33;45.44;38.3;74;3;6;9;10
2025;30;94;2;4.9;11.6;10.44;45.07;39.6;79;7;13;9;9
2025;31;94;2;7.39;4.9;10.3;44.43;39;73;12;7;8;9
2025;32;94;2;5.96;3.8;10.4;47.67;40;84;7;6;6;7
2025;33;94;2;5.06;9.1;11.1;45.47;34.4;72;7;12;6;9
2025;34;94;2;4.67;7.1;10.4;43.31;34;71;6;12;6;9
2025;35;94;2;4.65;1.2;9.31;43.32;33.6;75;6;2;4;10
2025;36;94;2;3.87;3.9;10.81;31.85;33.9;77;5;6;2;10
2025;37;94;2;6.22;5.3;9.21;42.94;34.3;72;7;8;4;9
2025;38;94;2;5.75;8.3;9.18;44.36;33;77;6;9;3;10
2025;39;94;2;7.09;8.1;9.18;44.36;33;83;8;9;3;10
2025;40;94;2;5.55;17.1;9.09;40.85;29.6;87;8;13;5;12
2025;41;94;2;9.39;12.3;9.19;43.45;34.5;85;12;13;4;10
2025;42;94;2;4.98;6.8;10.64;45.49;35.7;78;7;10;5;9
2025;43;94;2;4.65;4.1;10.78;44.58;33.8;78;8;10;4;9
2025;1;7;3;4.72;2.5;17.7;35.3;63.1;100;12;12;12;5
2025;2;7;3;3.44;3.3;18.4;33.7;62.7;98;10;7;12;4
2025;3;7;3;4.42;3.3;18.8;30.5;62.8;78;9;3;13;6
2025;4;7;3;6.99;3.8;19.7;30.6;65.4;76;11;5;12;6
2025;5;7;3;4.76;1.8;16.2;35.4;67.9;80;7;3;10;8
2025;6;7;3;3.75;1.3;21.2;28.5;69.4;81;7;2;12;9
2025;7;7;3;3.75;1.2;16.03;36.05;66.1;75;8;4;10;8
2025;8;7;3;2.31;3.8;16.71;31.16;63.4;79;3;9;11;5
2025;9;7;3;3.74;2.6;15.85;32.82;62.3;76;7;2;9;9
2025;10;7;3;5.12;3.9;0.87;39.9;63.7;91;9;2;8;8
2025;11;7;3;5.27;1.9;16.19;35.04;64.6;75;8;3;10;7
2025;12;7;3;4.5;3.1;16.09;33.93;67.5;79;10;5;11;8
2025;13;7;3;6.33;5.2;15.84;34.48;68.8;82;12;10;10;9
2025;14;7;3;6.97;3.4;19.23;34.4;71.7;39;12;7;12;11
2025;15;7;3;7.33;2.6;10.4;43.99;72.3;84;13;6;9;6
2025;16;7;3;6.62;2.1;7.84;43.57;77.1;78;13;6;8;7
2025;17;7;3;8.27;2.6;9.79;45.43;85.7;82;13;8;8;6
2025;18;7;3;4.72;3.2;10.57;46.1;84.1;92;10;9;9;5
2025;19;7;3;4.34;4.4;10.41;44.32;76.8;92;10;11;6;10
2025;20;7;3;3.66;3.1;10.04;45.07;74.1;80;9;8;6;7
2025;21;7;3;3.78;4.5;12.91;41.6;66;94;9;13;10;9
2025;22;7;3;4.13;4.4;10.41;47.2;68.3;91;11;12;9;6
2025;23;7;3;4.39;3.1;12.97;44.73;62.2;63;11;9;10;8
2025;24;7;3;3.73;5.6;14.36;43.63;57;81;10;13;10;8
2025;25;7;3;3.39;3.1;11.9;45.53;57.6;72;5;9;10;5
2025;26;7;3;6.04;3.7;12.35;43.85;57.5;75;10;11;11;9
2025;27;7;3;4.7;5.5;14.11;45.84;61;75;8;12;11;8
2025;28;7;3;4.7;5.5;14.25;45.28;63.2;96;8;12;11;8
2025;29;7;3;3.42;7.9;15.81;41.43;57.2;65;13;13;7;12
2025;30;7;3;5.1;3;16.45;42.81;57.3;93;10;5;11;9
2025;31;7;3;4.86;3.6;16.28;40.09;54.3;88;11;9;12;10
2025;32;7;3;2.72;4.3;15.13;40.52;54.6;70;9;8;7;9
2025;33;7;3;3.98;3;15.79;38.68;58.1;83;10;6;8;12
2025;34;7;3;2.21;3.6;16.04;37.56;63;88;6;10;7;12
2025;35;7;3;3.15;2.5;15.88;37;66.5;93;8;4;6;11
2025;36;7;3;1.71;3.1;18.47;31.86;71.5;93;5;7;10;12
2025;37;7;3;2.16;1.8;18.29;38.68;75.2;93;9;5;5;9
2025;38;7;3;1.76;0.6;17.63;37.88;74.4;91;3;2;6;12
2025;39;7;3;1.71;1.9;17.63;37.88;74.4;96;5;5;6;12
2025;40;7;3;1.33;2.4;16.02;39.71;74.4;93;5;3;5;8
2025;41;7;3;1.03;1.9;17.17;38.9;72.1;91;1;3;5;8
2025;42;7;3;1.58;2.6;15.75;40.42;70.4;95;5;6;5;7
2025;43;7;3;1.76;1.3;15.64;40.66;67.9;93;5;1;5;5
2025;1;14;3;3.59;1.4;17.1;33.2;72.4;100;5;7;11;7
2025;2;14;3;2.68;3.9;17.7;32;73.7;99;4;10;11;6
2025;3;14;3;3.98;4.5;18;29.7;74.4;85;8;9;11;7
2025;4;14;3;5.11;4.5;17.9;30.4;79.1;81;6;7;10;7
2025;5;14;3;3.57;3.4;16;36.8;80.4;78;4;11;9;4
2025;6;14;3;2.79;1.2;19.3;26.7;81.8;77;3;2;11;12
2025;7;14;3;2.79;0.7;16.77;36.96;81.1;76;4;3;11;2
2025;8;14;3;1.68;2.1;16.5;28.69;77.3;90;1;3;10;3
2025;9;14;3;2.69;5.4;15.91;30.47;80.2;86;1;11;11;11
2025;10;14;3;4.5;3.3;0.49;41.63;77.5;87;7;1;3;3
2025;11;14;3;5.26;5.3;14.91;33.56;80.3;80;7;10;9;10
2025;12;14;3;6.97;5.3;15.46;32.77;81;72;13;12;10;11
2025;13;14;3;5.77;4.1;14.03;33.47;79.1;79;11;9;6;10
2025;14;14;3;5.62;6;16.35;35.74;83.4;59;10;11;10;9
2025;15;14;3;6.26;4.1;9.9;44.07;82.7;81;10;10;7;3
2025;16;14;3;4.93;4.9;7.94;44.25;78.5;88;10;12;9;6
2025;17;14;3;4.79;4.2;9.17;41.96;83;87;7;11;7;10
2025;18;14;3;4.62;4.6;9.83;45.66;82;91;9;11;6;7
2025;19;14;3;4.38;5.4;9.35;45.12;79.1;93;11;12;5;7
2025;20;14;3;4.23;4;8.96;44.15;78.8;82;11;11;4;9
2025;21;14;3;5.87;3.4;11.04;43.91;79.6;86;13;10;5;4
2025;22;14;3;5.3;4;9.23;46.47;76.9;93;13;10;4;8
2025;23;14;3;8.64;1.9;11.67;45.3;73.1;92;13;5;6;7
2025;24;14;3;5.31;0.6;12.54;43.57;62.8;96;12;1;8;9
2025;25;14;3;3.84;1.3;10.23;44.05;61.1;80;10;2;6;8
2025;26;14;3;7.05;1.3;9.95;46.33;62.8;93;12;2;3;5
2025;27;14;3;5.61;3.6;11.23;48.46;63.8;94;10;10;3;4
2025;28;14;3;5.61;3.6;11.96;48.82;64.9;96;10;10;3;4
2025;29;14;3;2.87;5.6;13.54;47.17;55.9;88;9;9;5;3
2025;30;14;3;7.9;3.1;13.7;47.89;56.7;96;13;6;6;3
2025;31;14;3;4.66;1.9;12.79;45.68;56.6;87;10;1;4;5
2025;32;14;3;2.21;5.7;13.67;44.73;57.3;71;2;13;6;5
2025;33;14;3;4.29;3.2;14.2;44.76;66;92;12;10;6;4
2025;34;14;3;2.19;1.3;14.12;43.18;72.4;87;5;2;6;3
2025;35;14;3;2.65;2.5;14.37;40.91;77.2;91;5;5;5;5
2025;36;14;3;1.61;1.3;17.3;32.78;78.2;91;3;2;9;9
2025;37;14;3;1.45;1.9;15.97;40.82;79.1;94;2;6;4;6
2025;38;14;3;1.46;0.6;15.11;41.7;81.5;94;2;3;4;6
2025;39;14;3;0.94;2.5;15.11;41.7;81.5;96;1;7;4;6
2025;40;14;3;1.34;3.7;13.55;40.89;75;94;6;9;3;6
2025;41;14;3;1.55;3.1;13.75;41.2;76.7;93;6;9;4;6
2025;42;14;3;1.24;0.6;13.71;41.88;76.4;83;2;2;3;6
2025;43;14;3;1.09;4.4;14.5;43.05;78.2;96;1;12;3;4
2025;1;94;3;5.92;0;11.9;32.3;55;98;15;1;3;8
2025;2;94;3;4.42;2;12.3;30.8;55.8;77;12;4;3;9
2025;3;94;3;4.6;4.7;12.7;29.1;57.8;92;10;11;4;8
2025;4;94;3;5.82;7.5;12.3;32.4;61.7;81;9;12;2;4
2025;5;94;3;5.59;0.7;12.4;36;61.9;80;9;1;5;6
2025;6;94;3;4.19;1.4;14.6;29.6;61.5;84;8;6;3;7
2025;7;94;3;4.19;1.4;12.75;37.35;58.9;86;7;5;4;4
2025;8;94;3;2.64;0;12.24;30.49;58.1;83;5;1;4;4
2025;9;94;3;2.84;2.9;12.06;34.86;59.4;86;3;4;4;7
2025;10;94;3;4.08;5.1;0.86;40.66;59.4;86;6;7;7;7
2025;11;94;3;4.58;3.5;11.39;32.88;60.6;87;5;7;3;11
2025;12;94;3;3.48;3.5;11.24;33.71;58.3;76;6;6;4;9
2025;13;94;3;5.62;3.6;10.79;32.9;60.5;89;10;8;2;11
2025;14;94;3;5.24;5.5;11.69;38.22;68.6;44;9;9;3;5
2025;15;94;3;6.35;5;7.49;44.05;67.1;83;11;13;2;5
2025;16;94;3;5.83;6.6;6.23;48.65;71.7;83;11;13;4;2
2025;17;94;3;7.09;5.6;6.82;47.68;73.5;89;12;13;1;3
2025;18;94;3;4.86;4.8;8.11;46.99;70.7;89;12;12;1;3
2025;19;94;3;4.99;4.1;7.83;46.26;68.1;85;12;10;1;4
2025;20;94;3;5.41;4.1;7.4;47.37;67.2;84;13;12;1;3
2025;21;94;3;3.74;3.3;8.69;46.15;63.9;84;8;8;1;3
2025;22;94;3;4.51;2;7.06;46.65;63;94;12;5;1;7
2025;23;94;3;4.17;1.4;8.03;46.01;58.5;84;9;3;1;5
2025;24;94;3;3.88;2.1;8.43;44.75;50.2;96;11;5;1;6
2025;25;94;3;5.8;2.7;7.79;42.01;46.7;83;12;7;2;10
2025;26;94;3;5.99;2.1;7.09;47.19;52.2;87;9;6;1;3
2025;27;94;3;6.75;1.3;7;48.8;53.9;90;11;2;1;3
2025;28;94;3;6.75;1.3;8.67;47.02;57.1;97;11;2;1;5
2025;29;94;3;3.32;7.3;9.68;46.36;46.1;95;11;12;1;4
2025;30;94;3;7.09;3.9;8.8;46.69;47.3;91;12;9;1;4
2025;31;94;3;8.2;2.7;9.09;46.24;48.8;90;13;4;1;3
2025;32;94;3;4.02;1.9;9.41;47.5;49;77;13;2;2;3
2025;33;94;3;5.27;3.6;10.95;45.23;54.5;94;13;11;2;3
2025;34;94;3;1.72;1.8;10.42;43.09;56.9;85;2;4;2;4
2025;35;94;3;3.84;0.6;10.91;41.25;61.2;93;12;2;2;4
2025;36;94;3;1.77;1.3;13.07;34.3;61.6;90;6;3;2;7
2025;37;94;3;1.84;2;14.39;40.55;65.2;93;4;8;2;8
2025;38;94;3;2.08;3.3;14.4;39.01;63.4;94;6;13;2;9
2025;39;94;3;1.76;2.5;14.4;39.01;63.4;96;6;9;2;9
2025;40;94;3;1.27;2.6;12.21;40.36;56.6;94;4;5;2;7
2025;41;94;3;1.45;2.6;12.35;40.91;59;90;4;6;2;7
2025;42;94;3;0.88;2.6;11.76;40.12;55.1;94;1;7;2;8
2025;43;94;3;1.93;1.3;11.7;39.91;52.5;94;7;3;2;7
2025;1;7;4;5.67;4.7;15;32.4;67.5;89;12;14;7;2
2025;2;7;4;4.14;5.1;15.6;31.5;68.8;98;7;11;8;2
2025;3;7;4;6.43;11.8;15.3;30.8;68.1;97;10;14;7;2
2025;4;7;4;11.22;8.2;16.2;30.7;66.1;86;12;12;9;2
2025;5;7;4;7.04;9.4;15.3;34.3;69.7;84;9;12;9;8
2025;6;7;4;7.62;5.4;21.8;25;65.5;73;12;10;10;10
2025;7;7;4;6.24;8.3;15.48;47.26;64.1;85;10;12;7;11
2025;8;7;4;7.91;3.2;17.56;27.39;62.2;96;15;7;7;6
2025;9;7;4;4.62;4.8;17.27;27.59;63.6;97;7;10;7;11
2025;10;7;4;7.03;6;0.1;34.43;62.6;82;12;12;6;8
2025;11;7;4;6.94;6.6;16.19;28.96;65;81;11;13;7;8
2025;12;7;4;6.48;7.2;16.54;26.83;63.1;86;7;13;7;12
2025;13;7;4;6.54;8.6;15.91;28.25;58.9;77;8;13;7;7
2025;14;7;4;7.32;5.4;17.14;27.21;55.3;30;12;13;7;9
2025;15;7;4;6.58;6;13.05;32.45;51.1;79;11;12;7;5
2025;16;7;4;7.72;9.9;12.73;29.51;44.3;72;12;13;8;12
2025;17;7;4;11.64;8.7;15.74;32.92;47.8;80;12;13;8;9
2025;18;7;4;9.87;4.7;15.24;32.07;51;70;12;13;8;8
2025;19;7;4;6.44;4.7;13.96;34.54;52;82;11;11;8;7
2025;20;7;4;7.07;3;13.37;35.6;51.9;84;12;4;8;6
2025;21;7;4;5.46;2.9;12.74;32.85;49.1;80;10;4;8;11
2025;22;7;4;7.23;5.1;8.69;36.82;53.7;73;12;10;4;8
2025;23;7;4;9.33;2.3;8.05;37.77;50.2;89;13;5;1;5
2025;24;7;4;5.33;4.5;8.8;39.46;49.8;83;10;10;2;3
2025;25;7;4;3.82;1.2;7.58;39.38;50;96;4;4;2;2
2025;26;7;4;2.94;0.6;7.64;40.2;51.3;89;2;1;3;3
2025;27;7;4;3.97;0.6;7.89;39.83;48.4;92;11;2;3;3
2025;28;7;4;3.97;0.6;7.14;40.69;47.5;95;7;2;3;3
2025;29;7;4;4.7;0.6;6.72;43.14;49;88;10;1;3;1
2025;30;7;4;5.61;1.8;6.36;42.56;48.3;89;10;5;2;2
2025;31;7;4;9.04;3.4;8.04;43.08;52.8;85;13;8;4;3
2025;32;7;4;7.36;2.9;8;42.93;51.5;84;9;8;5;3
2025;33;7;4;6.51;4.1;7.68;41.72;52;84;11;10;5;4
2025;34;7;4;4.6;3;6.93;40.81;52.9;88;11;4;4;4
2025;35;7;4;5.68;1.2;7.63;39.68;48.4;91;11;3;4;5
2025;36;7;4;3.85;2.4;9.03;35.81;49.6;82;10;5;3;2
2025;37;7;4;4.4;0;6.6;41.03;48.8;87;9;1;2;2
2025;38;7;4;3.25;2.5;6.4;41.95;47.5;91;6;5;2;2
2025;39;7;4;5.02;1.2;6.4;41.95;47.5;90;11;3;2;2
2025;40;7;4;3.41;1.8;6.34;40.95;52.2;93;8;3;3;3
2025;41;7;4;3.9;3.1;6.49;41.25;52.4;96;5;7;2;1
2025;42;7;4;3.5;1.2;6.14;41.4;53.6;97;6;3;2;1
2025;43;7;4;3.41;2.4;6.6;42.34;56.2;91;7;7;2;3
2025;1;14;4;5.28;4.5;21.7;29.9;88.6;87;10;13;14;6
2025;2;14;4;3.11;4.5;21.9;29.4;87.6;95;4;7;14;6
2025;3;14;4;4.62;9.8;21.9;29.2;88.9;99;4;10;14;4
2025;4;14;4;5.65;5;22.8;28.1;86.1;85;2;7;12;7
2025;5;14;4;4.91;7.2;22.1;40.5;90.3;83;1;10;12;4
2025;6;14;4;5.59;8.3;28.1;24.6;84.5;72;3;12;13;11
2025;7;14;4;7.16;8;20.84;40.15;85.7;83;12;11;12;12
2025;8;14;4;6.23;3.4;24.91;26.14;79.2;97;9;8;12;3
2025;9;14;4;4.48;3.4;23.72;28.99;78.5;95;6;6;12;8
2025;10;14;4;5.39;2.4;0.07;36.56;80.8;74;8;5;3;5
2025;11;14;4;5.11;3.6;23.05;28.74;80.5;77;4;9;12;9
2025;12;14;4;8.85;4.8;22.4;27.42;77.5;86;12;11;13;10
2025;13;14;4;6.72;5.4;21.12;27.18;69.9;79;9;11;13;12
2025;14;14;4;6.87;3.6;20.72;26.94;64.6;39;11;10;12;11
2025;15;14;4;7.06;4.1;15.18;29.93;60.4;77;12;10;10;10
2025;16;14;4;7.79;6.9;15.5;32.6;52.2;74;13;12;12;6
2025;17;14;4;16.2;6.1;19.64;32.52;54.8;81;13;12;13;10
2025;18;14;4;12.3;3;18.71;31.71;57.2;65;13;10;12;10
2025;19;14;4;7.73;3;16.59;33.96;58.9;82;13;5;11;9
2025;20;14;4;6.5;4.3;16.27;34.23;61.5;83;11;8;11;9
2025;21;14;4;6.15;5;15.47;34.38;58.9;84;11;12;11;8
2025;22;14;4;7.51;3.1;12.55;38.27;66.6;73;13;6;9;3
2025;23;14;4;8.36;0.6;11.1;39.85;63;83;12;1;9;2
2025;24;14;4;5.03;1.2;13.9;39.06;61.6;84;8;1;9;4
2025;25;14;4;3.29;0.6;12.18;38.82;62.1;94;3;2;9;4
2025;26;14;4;2.8;0.6;13.18;38.54;65.4;94;1;2;10;7
2025;27;14;4;2.98;2.4;13.13;39.98;59.7;95;1;7;12;2
2025;28;14;4;4.12;2.4;12.37;39.1;58.9;96;9;7;11;5
2025;29;14;4;4.64;1.2;11.55;41.46;59.8;88;9;3;11;3
2025;30;14;4;6.03;3;10.98;42.55;56.5;90;11;9;8;3
2025;31;14;4;7.14;1.7;12.31;42.54;60.2;86;8;2;11;4
2025;32;14;4;5.46;1.2;11.92;42.7;61.5;87;7;2;10;4
2025;33;14;4;5.71;1.8;11.4;42.92;62.9;83;10;1;8;3
2025;34;14;4;3.75;1.8;10.62;40.94;63.2;91;5;1;8;3
2025;35;14;4;4.55;0;10.57;40.33;62.6;93;6;1;8;3
2025;36;14;4;2.73;0;12.8;34.12;60.8;77;2;1;10;4
2025;37;14;4;3.26;0;9.22;39.57;58.9;89;5;3;7;5
2025;38;14;4;2.58;1.9;8.65;39.88;56.4;93;2;2;7;5
2025;39;14;4;2.65;0.6;8.65;39.88;56.4;93;2;2;7;5
2025;40;14;4;3.41;1.2;8.7;40.75;60.4;95;7;2;7;4
2025;41;14;4;2.91;2.4;9.7;39.94;62.7;97;1;4;8;7
2025;42;14;4;2.35;0.6;9.39;40.03;61.5;98;1;1;7;5
2025;43;14;4;2.21;0.6;9.11;41.8;64.7;92;1;1;7;4
2025;1;94;4;7.48;4.3;15.4;31.3;63.5;86;13;12;9;3
2025;2;94;4;5.32;4.1;15.7;31.5;65.2;100;11;6;9;3
2025;3;94;4;5.4;11.4;15.8;30.1;65.6;98;6;13;8;3
2025;4;94;4;6.43;10.2;16;30.3;64.8;89;4;13;6;3
2025;5;94;4;5.58;11.4;14.8;40.7;67.6;79;3;13;7;3
2025;6;94;4;5.67;10.4;21.7;25.3;62.5;78;6;13;9;9
2025;7;94;4;6.49;10.1;13.92;40.8;61.4;88;11;13;5;13
2025;8;94;4;7.06;3;18.55;27.25;64.6;96;10;6;8;5
2025;9;94;4;3.9;6.2;18.32;30.03;64.7;90;4;12;8;7
2025;10;94;4;5.81;3.7;0.12;36.5;66.8;79;9;10;8;6
2025;11;94;4;5.66;2.5;15.98;29.82;69.2;81;5;6;6;7
2025;12;94;4;6;1.9;15.9;28.02;62.6;86;5;5;6;6
2025;13;94;4;7.22;4.2;15.15;28.2;61.2;78;11;9;6;8
2025;14;94;4;5.68;1.8;13.78;28.48;55;31;8;5;2;5
2025;15;94;4;5.44;3.6;10.27;32.04;51.1;79;10;8;4;6
2025;16;94;4;5.88;5.8;10.48;31.55;45.7;71;10;11;5;10
2025;17;94;4;9.69;3;13.82;35.52;48.6;75;11;6;6;5
2025;18;94;4;7.49;3.5;13.7;33.79;48.9;69;10;11;6;5
2025;19;94;4;7.13;4.8;12.62;36.91;50;76;12;12;7;3
2025;20;94;4;7.68;4.8;12.99;37.79;50.5;84;13;13;7;3
2025;21;94;4;6.2;1.8;12.67;34.65;48.3;85;12;3;7;7
2025;22;94;4;6.51;2.9;10.57;39.99;54.4;73;10;4;8;2
2025;23;94;4;6.92;3.8;9.06;40.92;48.9;81;10;10;5;1
2025;24;94;4;4.82;2.4;10;40.93;47.5;75;7;2;5;1
2025;25;94;4;4.39;0;7.87;39.06;48.5;96;6;1;4;3
2025;26;94;4;2.97;0.6;7.53;38.45;51.1;93;4;3;2;8
2025;27;94;4;3.01;0.6;6.76;39.79;49.5;95;2;3;1;4
2025;28;94;4;3.39;0.6;6.58;42.33;50;96;4;3;2;2
2025;29;94;4;3.82;3.2;5.9;39.16;46.3;95;4;9;1;6
2025;30;94;4;5.57;3.8;6.07;41.18;45.6;91;9;11;1;4
2025;31;94;4;7.26;2.6;6.54;44.82;48.6;89;10;5;1;2
2025;32;94;4;5.33;1.3;7.09;44.2;49.5;84;6;3;3;2
2025;33;94;4;5.62;2.5;6.9;43.69;50.1;76;9;3;3;2
2025;34;94;4;4.85;3;6.75;43.45;51.2;89;12;5;3;2
2025;35;94;4;5.11;1.9;7.78;44.17;49;94;10;7;5;1
2025;36;94;4;3.09;1.3;9.41;34.18;49.5;74;5;3;4;3
2025;37;94;4;4.06;1.3;7.54;43.14;47.5;89;8;6;5;1
2025;38;94;4;3.53;1.9;7.12;42.23;45.4;94;7;3;4;1
2025;39;94;4;3.46;1.4;7.12;42.23;45.4;84;4;4;4;1
2025;40;94;4;2.91;1.9;6.87;42.91;44.4;94;4;5;4;1
2025;41;94;4;4.47;1.9;7.79;40.98;50.4;92;10;3;6;2
2025;42;94;4;3.12;1.2;7.66;39.33;49.8;98;2;4;6;7
2025;43;94;4;3.04;1.9;8.1;44.91;51.7;88;5;4;5;1
2025;1;7;5;10.93;4.8;9.5;30.3;38.6;53;10;6;3;10
2025;2;7;5;7.38;9.4;9.7;28.9;34.8;80;8;7;4;11
2025;3;7;5;9.95;14.3;7.6;28.6;32.5;50;7;10;1;11
2025;4;7;5;18.95;5.2;6.5;31.1;43.1;49;11;7;1;7
2025;5;7;5;11.2;2;4.8;39.8;45.2;64;6;4;2;7
2025;6;7;5;8.12;2;8.1;28.2;47.8;70;7;4;1;9
2025;7;7;5;5.52;1.9;6.09;36.15;43.9;72;5;4;2;4
2025;8;7;5;7.82;6;5.49;27.4;42.7;70;10;13;1;3
2025;9;7;5;8.67;4.2;5.7;27.59;44.8;74;11;9;1;10
2025;10;7;5;10.54;5.3;0;37.1;45.5;65;11;11;1;8
2025;11;7;5;8.79;3.8;4.79;30.68;49.7;70;8;9;1;7
2025;12;7;5;8.46;3;5.1;30.91;49.7;71;10;6;1;6
2025;13;7;5;8.32;4;5.34;29.61;47.3;69;10;6;1;7
2025;14;7;5;6.81;3.1;6.88;28.9;45.9;71;5;5;1;6
2025;15;7;5;8.42;5.1;3.66;35.39;45.1;80;10;10;1;11
2025;16;7;5;9.72;3.1;2.72;39.52;43.7;74;13;7;1;6
2025;17;7;5;13.62;3.9;4.19;37.1;50.6;77;12;11;1;9
2025;18;7;5;5.59;4;5.03;37.68;51.7;76;4;10;1;10
2025;19;7;5;2.96;2.1;4.32;35.29;45.1;76;3;5;1;11
2025;20;7;5;5.09;5.1;4.39;31.27;43;67;6;10;1;13
2025;21;7;5;6.24;3;3.18;34.53;42.6;70;7;6;1;12
2025;22;7;5;4.68;3;2.64;37.32;44.8;68;4;5;1;8
2025;23;7;5;4.54;6.1;2.67;37.33;44;48;2;13;1;10
2025;24;7;5;5.75;3;3.59;37.4;46.1;52;9;6;1;11
2025;25;7;5;4.05;1.9;3.04;34.95;42;78;6;3;1;13
2025;26;7;5;5.18;0.9;3.13;35.8;43.3;73;9;2;1;11
2025;27;7;5;5.88;4;5.11;34.64;45.3;67;8;9;2;13
2025;28;7;5;5.88;4;4.22;37.76;45.1;65;8;9;2;9
2025;29;7;5;6.1;3;4.45;36.03;42.5;74;7;8;2;13
2025;30;7;5;5.13;7.2;4.75;36.1;43.5;54;7;13;2;12
2025;31;7;5;5.51;4;4.69;35.59;42.4;75;8;11;2;11
2025;32;7;5;4.76;5.9;3.93;35.49;41.5;75;6;12;2;13
2025;33;7;5;5.66;3.9;4.5;35.1;41.4;71;10;9;2;13
2025;34;7;5;4.76;5;4.38;36.96;39.9;71;8;11;2;12
2025;35;7;5;5.45;2.1;4.01;38.79;39.7;62;10;2;2;10
2025;36;7;5;7.18;7.7;4.17;29.6;40;51;12;11;1;9
2025;37;7;5;8.46;5.8;2.84;38.95;41.7;88;12;9;1;9
2025;38;7;5;5.82;8.3;3.32;37.86;41.7;74;7;13;1;12
2025;39;7;5;5.46;6.6;3.32;37.86;41.7;70;9;10;1;12
2025;40;7;5;6.44;3.8;3.32;35.95;42.8;80;13;6;1;11
2025;41;7;5;5.53;2.7;3.7;34.93;42.7;61;11;5;1;10
2025;42;7;5;3.82;6.1;3.59;35.62;40.2;67;6;13;1;9
2025;43;7;5;3.95;5.3;4.44;35.06;39.8;72;10;12;1;7
2025;1;14;5;6.25;0;10.1;28.9;54.2;40;4;1;5;12
2025;2;14;5;4.37;3;10.7;28.4;52;72;4;1;6;12
2025;3;14;5;6.26;5.1;10.4;28.7;49.9;46;3;4;6;10
2025;4;14;5;12.96;5.2;9;29.8;61.8;50;5;7;6;11
2025;5;14;5;10.18;4.3;7.5;36.5;65.8;79;4;8;8;12
2025;6;14;5;9.53;2.1;12.1;28;70.3;78;8;5;7;10
2025;7;14;5;9.27;2.1;9.39;35.84;70.2;74;11;5;9;6
2025;8;14;5;8.38;1.1;7.46;26.04;66.8;83;12;4;4;2
2025;9;14;5;8.46;2;7.33;25.74;65.3;76;10;4;4;12
2025;10;14;5;8.15;2.1;0;34.03;64.4;84;8;7;2;12
2025;11;14;5;10.54;6.3;7.03;24.67;67.9;71;11;12;3;13
2025;12;14;5;10.92;0;7.44;26.09;71.8;76;12;1;2;13
2025;13;14;5;7.55;4.8;7.53;26.18;66.8;67;8;8;2;12
2025;14;14;5;7.38;3.9;7.93;25.19;66;40;6;8;3;13
2025;15;14;5;7.5;5.7;4.63;35.48;62.5;66;8;12;2;10
2025;16;14;5;9.52;1.8;3.78;35.58;58.6;76;12;3;2;10
2025;17;14;5;8.44;0;5.28;35.41;64;92;5;1;2;11
2025;18;14;5;6.76;1;5.68;35.12;62.6;85;10;4;2;12
2025;19;14;5;6.52;3;5.04;34.48;61.4;81;11;8;2;12
2025;20;14;5;7.84;2.9;6.32;34.23;63.4;71;11;5;2;12
2025;21;14;5;5.53;1;6.13;33.65;64;71;5;1;3;13
2025;22;14;5;6;7.8;6.31;35.42;66.5;70;7;13;3;12
2025;23;14;5;5.2;3.7;5.76;36.9;66.8;48;6;9;3;11
2025;24;14;5;4.59;0.9;6.44;37.18;71;66;6;1;5;12
2025;25;14;5;4.2;0.9;6.47;38.84;69;89;7;1;6;9
2025;26;14;5;5.03;2.9;6.8;38.22;65;75;8;6;6;8
2025;27;14;5;6.46;1.8;9.01;36.97;68.1;79;11;4;11;10
2025;28;14;5;6.46;1.8;7.66;36.52;63.8;81;11;4;8;11
2025;29;14;5;6.66;0;6.8;37.1;57.2;63;10;1;6;11
2025;30;14;5;5.01;1.7;6.86;37.12;59.5;63;6;7;8;11
2025;31;14;5;5.78;3.7;6.41;34.37;62.8;86;10;8;6;13
2025;32;14;5;5.13;1.8;7.19;36.83;66.9;74;7;6;8;11
2025;33;14;5;5.6;4.8;6.74;37.51;68.2;70;9;12;7;10
2025;34;14;5;3.8;3.9;6.27;33.84;61;87;6;9;6;13
2025;35;14;5;5.02;4.7;5.96;34.31;57;66;8;7;7;13
2025;36;14;5;5.07;5.5;7.06;26.17;56;58;5;5;5;13
2025;37;14;5;5.18;3.9;5.19;36.35;53.5;88;3;5;4;11
2025;38;14;5;7.55;5.6;4.68;36.97;54.4;81;11;9;4;13
2025;39;14;5;5.35;6.7;4.68;36.97;54.4;75;8;11;4;13
2025;40;14;5;4.95;4.6;5.43;34.76;58.1;80;10;8;4;13
2025;41;14;5;4.2;3.6;6.08;32.33;62.1;60;6;9;4;13
2025;42;14;5;4.71;4.3;6.07;32.9;59.6;70;11;10;5;13
2025;43;14;5;3.57;2.9;6.57;32.7;58.3;77;7;7;7;12
2025;1;94;5;14.24;5;11.9;33.2;46;38;13;7;8;5
2025;2;94;5;10.16;5.1;11.5;33.6;46.2;74;12;3;7;5
2025;3;94;5;8.86;9.8;11.3;31;45.7;53;5;8;8;6
2025;4;94;5;10.05;1;11.5;31.7;56.4;53;3;2;10;5
2025;5;94;5;6.29;3.1;9.3;41.6;56;71;2;5;11;4
2025;6;94;5;7.22;5.3;13.9;32.6;59.2;72;5;11;10;3
2025;7;94;5;7.53;2.2;10.77;41.2;56.5;73;8;7;10;10
2025;8;94;5;8.01;2.1;9.7;30.77;51.6;82;11;5;9;9
2025;9;94;5;11.14;2;9.34;31.32;51.1;82;12;5;8;5
2025;10;94;5;9.78;0;0;39.78;53.7;83;10;1;4;6
2025;11;94;5;10.94;4;7.73;32.09;52.1;79;12;10;4;4
2025;12;94;5;8.69;4;8.29;30.41;51.5;68;11;9;4;8
2025;13;94;5;8.75;2;8.88;30.12;49.6;67;11;2;6;6
2025;14;94;5;10.85;0;7.79;31.42;55.5;34;11;2;2;3
2025;15;94;5;7.56;1;6.45;38.66;54.7;68;9;2;6;6
2025;16;94;5;6.98;1;6.73;40.26;55.4;72;7;2;11;5
2025;17;94;5;6.81;2;7.97;38.4;58;81;3;5;7;6
2025;18;94;5;4.73;2;7.73;39;57;85;3;6;6;9
2025;19;94;5;4.9;2;7.6;41.15;53.5;75;8;4;7;7
2025;20;94;5;4.88;2.9;7.27;38.04;54.6;72;5;6;4;9
2025;21;94;5;4.95;3.7;7.51;35.45;53.3;76;4;10;5;11
2025;22;94;5;4.74;1.9;6.94;37.24;56.4;55;5;4;5;9
2025;23;94;5;5.05;1;6.51;38.89;58.7;47;5;3;5;6
2025;24;94;5;4.32;3;6.27;40.52;57.4;72;5;7;4;5
2025;25;94;5;3.98;4;4.65;38.99;49.6;85;5;9;3;8
2025;26;94;5;4.42;1.1;5.7;38.74;50.7;77;5;3;3;7
2025;27;94;5;4.48;1;5.98;39.35;55.1;82;4;2;4;7
2025;28;94;5;4.48;1;5.42;40.78;50.9;70;4;2;4;4
2025;29;94;5;4.91;2.1;5.11;39.39;41.2;64;5;6;3;7
2025;30;94;5;4.71;1;4.83;37.52;42.4;71;5;4;3;10
2025;31;94;5;6.52;0;5.54;38.27;43;83;12;1;4;8
2025;32;94;5;4.11;1;5.59;39.59;42.6;77;5;3;4;7
2025;33;94;5;5.03;2.1;5.57;40.16;43.6;71;6;5;4;7
2025;34;94;5;4.41;4.1;6.32;42.09;44.3;79;7;10;7;5
2025;35;94;5;4.41;8.2;5.6;42.13;40;66;6;12;6;4
2025;36;94;5;3.58;7.5;7.58;31.49;40;53;1;9;7;5
2025;37;94;5;5.65;10.8;5.71;40.16;37.8;90;6;12;7;4
2025;38;94;5;5.5;5.8;5.37;42.09;40.3;80;6;10;5;5
2025;39;94;5;4.84;6.1;5.37;42.09;40.3;75;5;8;5;5
2025;40;94;5;4.53;3.8;5.56;36.97;46.3;87;7;7;6;9
2025;41;94;5;4.11;2.9;5.16;35.88;48.3;64;5;7;3;8
2025;42;94;5;3.92;4.5;4.94;36.17;46.2;79;7;11;3;8
2025;43;94;5;4.32;2.8;5.23;34.81;47.4;83;11;6;2;9
2025;1;7;6;6.31;1.1;13.4;43;46.9;75;7;2;12;7
2025;2;7;6;4.28;2.4;12.3;39.8;41.1;11;5;4;9;10
2025;3;7;6;4.8;4.8;11.6;43.2;37.5;75;3;4;9;5
2025;4;7;6;5.26;4.7;11.2;43.6;38.2;67;1;4;10;5
2025;5;7;6;5.05;2.4;6;50.5;40.1;82;2;5;4;6
2025;6;7;6;3.46;1.2;10.8;38.5;37.9;78;2;1;2;7
2025;7;7;6;5.26;1.2;5.9;52.85;38.4;76;5;2;1;1
2025;8;7;6;4.26;1.2;8.18;39.05;41.7;88;5;1;6;6
2025;9;7;6;4.78;1.2;8.82;36.25;44.1;78;3;1;7;11
2025;10;7;6;4.02;2.5;0;51.58;53.2;83;6;6;1;3
2025;11;7;6;4.09;1.2;10.64;34.23;55.8;78;6;3;10;12
2025;12;7;6;2.71;3.5;9.32;35.08;48.8;80;2;10;6;10
2025;13;7;6;5.51;3.6;10.83;31.94;42.8;75;11;6;8;13
2025;14;7;6;5.52;3.7;8.91;31.8;43;26;7;8;6;13
2025;15;7;6;4.16;2.4;2.88;43.39;40.6;65;7;4;2;11
2025;16;7;6;3.48;3.4;1.96;46.57;42.4;76;4;10;1;4
2025;17;7;6;5.72;2.6;4.14;50.07;45.7;61;7;3;1;2
2025;18;7;6;2.89;1.3;3.61;46.74;50.2;63;2;4;1;2
2025;19;7;6;2.88;2.5;2.59;50.28;48.2;58;3;7;1;1
2025;20;7;6;2.26;3.7;3.05;49.76;45.2;72;2;7;1;1
2025;21;7;6;3.25;3.7;2.79;48.49;41.4;59;1;7;1;4
2025;22;7;6;3.44;2.6;3.35;55.22;42.3;74;2;7;1;1
2025;23;7;6;4.39;1.2;3.3;53.8;38;73;4;3;1;2
2025;24;7;6;2.4;4;4.12;54.69;41.3;69;2;9;1;2
2025;25;7;6;3.61;1.3;3.67;53.94;34.6;87;6;3;2;3
2025;26;7;6;2.21;1.3;4.53;52.92;35.8;79;3;5;4;3
2025;27;7;6;3.48;1.2;4.07;52.91;32.9;80;6;2;2;2
2025;28;7;6;3.48;1.2;4.26;54.53;35.2;77;6;2;4;2
2025;29;7;6;4.48;3.9;4.8;54.8;35.1;67;7;9;3;3
2025;30;7;6;4.4;0;4.51;52.96;35.4;85;8;1;2;2
2025;31;7;6;3.71;2.5;5.09;52.91;35.9;71;3;9;5;4
2025;32;7;6;4.53;1.2;4.72;51.38;32.3;73;7;3;4;5
2025;33;7;6;4.73;5;4.65;50.86;32.2;67;8;10;2;5
2025;34;7;6;6.08;0;5.35;53.27;33.8;80;10;1;4;5
2025;35;7;6;4.94;0;5.77;50.53;31.1;79;8;1;5;5
2025;36;7;6;6.34;1.3;4.53;43.32;31.1;70;9;3;2;5
2025;37;7;6;6.12;0;4.52;53.45;31.1;78;11;1;5;3
2025;38;7;6;4.74;0;3.7;57.42;31.1;74;5;1;4;2
2025;39;7;6;3.78;3.8;3.7;57.42;31.1;90;1;9;4;2
2025;40;7;6;6.95;0;3.29;57.05;36.1;62;11;1;1;2
2025;41;7;6;7.52;0;3.73;57.28;31.1;62;13;1;1;1
2025;42;7;6;3.96;0;4.19;59.92;31.1;71;7;1;1;1
2025;43;7;6;3.61;2.5;5.25;58.1;31.1;80;6;5;2;1
2025;1;14;6;6.12;2.3;11.9;41;53;65;6;4;7;9
2025;2;14;6;3.86;4.6;11;40.3;46.2;60;4;7;4;8
2025;3;14;6;7.42;9.1;9.7;39.5;43.8;77;7;12;5;8
2025;4;14;6;9.61;6.4;10.1;42.2;46.7;65;7;9;7;7
2025;5;14;6;7.59;4.4;5.6;50.9;46.7;65;7;11;2;4
2025;6;14;6;4.88;7.6;11.9;36.9;43.6;77;6;13;5;9
2025;7;14;6;8.27;3.3;6.32;48.1;44.9;77;9;9;2;8
2025;8;14;6;5.87;2.4;6.26;40.37;45.3;82;9;4;2;9
2025;9;14;6;5.18;2.3;6.62;41.22;51.5;75;5;5;3;3
2025;10;14;6;2.48;2.5;0;50.98;53.8;83;4;7;2;4
2025;11;14;6;3.43;2.5;6.7;37.33;58.7;66;4;9;3;9
2025;12;14;6;5.45;2.5;7.85;35.32;56.8;66;9;7;3;9
2025;13;14;6;5.46;6.5;8.17;34.45;47.3;60;10;10;4;10
2025;14;14;6;8.21;2.6;8.08;33.24;46.4;39;13;5;4;12
2025;15;14;6;6.79;4.8;2.09;46.09;44.3;61;13;10;1;6
2025;16;14;6;9.37;2.2;2.37;44.77;45.7;56;11;6;2;5
2025;17;14;6;6.46;1.2;4.74;47.43;52.1;61;10;1;2;5
2025;18;14;6;3.7;1.2;4.22;44.15;55.9;57;7;3;2;6
2025;19;14;6;4.38;3.6;4.42;46.87;57.5;45;11;10;3;6
2025;20;14;6;7.42;2.6;4.99;45.23;56.2;68;13;3;3;5
2025;21;14;6;5.8;1.3;3.78;49.09;49.5;58;9;1;3;3
2025;22;14;6;5.1;1.3;4.07;48.42;50.2;64;9;2;2;9
2025;23;14;6;4.71;1.3;4.05;46.84;46.9;66;5;4;2;12
2025;24;14;6;3.08;1.3;5.22;49.68;46.6;75;6;2;5;6
2025;25;14;6;5.09;1.2;4.03;49.9;46.8;81;13;2;3;6
2025;26;14;6;5.16;1.3;4.66;47.03;50.4;76;9;6;5;7
2025;27;14;6;3.92;1.2;3.79;46.56;46.7;77;8;3;1;10
2025;28;14;6;3.92;1.2;3.12;46.14;49;73;8;3;1;13
2025;29;14;6;4.29;7.4;4.78;46;39.7;77;6;13;2;12
2025;30;14;6;5.13;2.7;5.89;47.54;40.3;72;9;8;5;9
2025;31;14;6;4.38;0;4.8;49.52;44;72;7;1;2;8
2025;32;14;6;5.51;2.5;4.6;50.03;42.1;73;9;8;3;7
2025;33;14;6;4.54;2.4;6.34;49.76;42.2;65;7;3;5;7
2025;34;14;6;4.45;1.2;5.17;50;40.4;77;7;4;3;7
2025;35;14;6;5.12;1.2;5.28;50.49;37.9;62;9;3;3;6
2025;36;14;6;8.36;2.5;7.3;38.57;39.3;65;13;6;8;12
2025;37;14;6;5.55;3.7;3.91;49.81;39.5;71;5;7;2;10
2025;38;14;6;6.44;3.8;3.32;51.98;37.6;66;12;10;1;7
2025;39;14;6;5.31;9.1;3.32;51.98;37.6;84;8;13;1;7
2025;40;14;6;5.98;1.4;3.77;50.98;37.4;72;8;6;3;9
2025;41;14;6;4.72;1.4;4.47;49.58;42.2;61;9;4;2;10
2025;42;14;6;3.36;1.3;4.96;53.33;44.2;70;5;3;2;7
2025;43;14;6;4.22;3.7;7.04;50.88;49.9;80;8;8;6;8
2025;1;94;6;4.46;1.3;12.2;46;56.5;61;3;3;8;2
2025;2;94;6;3.33;1.4;11.8;45.6;58.8;67;3;2;7;3
2025;3;94;6;3.31;4.1;10.8;41.4;50.4;43;1;2;6;7
2025;4;94;6;7.79;4.2;11;43.4;48.1;61;3;2;9;6
2025;5;94;6;7.39;0;7.7;58;52.1;70;6;1;10;1
2025;6;94;6;3.63;1.4;12.2;40;46.1;70;3;4;7;4
2025;7;94;6;5.67;1.4;8.18;54.66;49.3;77;6;7;8;4
2025;8;94;6;4.64;1.4;8.73;40.95;50;85;7;3;7;12
2025;9;94;6;2.57;1.3;9.13;38.57;50.9;86;1;2;8;10
2025;10;94;6;1.74;0;0;56.39;55.5;80;1;2;5;1
2025;11;94;6;1.82;1.4;10.09;38.4;54.4;80;1;7;9;7
2025;12;94;6;2.65;1.5;13.78;32.68;50.5;82;1;6;12;13
2025;13;94;6;3.84;4.5;14.8;33.64;49.5;65;4;9;12;12
2025;14;94;6;3.08;3.1;12.28;35.02;49.9;33;2;7;11;11
2025;15;94;6;3.55;2.9;5.02;50.66;46;61;5;9;8;1
2025;16;94;6;5.1;0;4.77;47.21;47.1;61;7;1;8;2
2025;17;94;6;2.35;2.8;7.28;50.01;50;58;1;7;7;3
2025;18;94;6;2.58;2.9;6.91;45.93;46.5;48;1;10;9;3
2025;19;94;6;4.87;1.4;6.53;47.32;48.5;53;12;5;10;5
2025;20;94;6;4.72;4;7.61;47.9;49.4;69;10;8;12;3
2025;21;94;6;4.28;2.5;6.04;52.76;42.8;61;5;3;8;1
2025;22;94;6;4.35;1.3;6.59;51.49;42.3;69;5;4;9;2
2025;23;94;6;2.4;1.3;6.34;54.16;42.1;70;1;5;8;1
2025;24;94;6;2.95;4;6.18;55.02;41.9;75;5;10;7;1
2025;25;94;6;2.66;1.4;5.13;55.65;43.5;73;3;6;7;2
2025;26;94;6;1.48;4.1;6.15;52.02;40.3;73;1;11;7;4
2025;27;94;6;2.49;2.8;5.94;52.07;40.2;67;2;9;8;5
2025;28;94;6;2.49;2.8;6.74;53.05;42.6;71;2;9;11;4
2025;29;94;6;3.06;2.7;6.81;56.31;34.8;82;3;8;10;2
2025;30;94;6;3.14;0;8;51.12;33.6;69;3;3;10;4
2025;31;94;6;3.52;1.3;7.1;54.02;34.8;76;2;6;8;2
2025;32;94;6;2.89;1.3;6.94;53.91;31.2;64;1;6;8;2
2025;33;94;6;3.32;2.6;6.47;52.93;42.5;65;3;5;6;2
2025;34;94;6;3.91;1.2;6.86;57.24;32.3;72;5;5;8;1
2025;35;94;6;3.84;2.7;8.24;56.22;28.5;68;6;4;10;1
2025;36;94;6;6.91;3.8;6.38;43.79;30.8;66;11;7;6;3
2025;37;94;6;6.09;1.3;5.17;58.33;34.2;74;10;2;7;1
2025;38;94;6;3.52;2.8;4.88;60.24;34.6;72;1;7;8;1
2025;39;94;6;4.11;5.3;4.88;60.24;34.6;78;4;10;8;1
2025;40;94;6;6.93;0;6.5;57.47;37.3;69;9;2;9;1
2025;41;94;6;3.7;0;8.11;55.88;38.3;63;5;2;9;2
2025;42;94;6;2.92;1.3;8.5;56.01;38;74;4;4;9;2
2025;43;94;6;3.22;1.3;9.74;56.03;38.3;75;3;1;9;2
2025;1;7;7;4.47;2;8.9;30.3;56.3;83;8;9;9;8
2025;2;7;7;3.41;3.3;8.7;27.7;51.4;99;6;5;7;11
2025;3;7;7;9.42;8.2;8.9;26.3;47.8;97;9;11;8;10
2025;4;7;7;18.12;9.4;7.6;27.2;51.3;85;12;11;4;8
2025;5;7;7;14.13;4;4;38;57.6;86;9;2;2;4
2025;6;7;7;7.8;2.1;10.7;30.6;68.7;92;9;6;4;1
2025;7;7;7;4.81;0;4.96;38.34;68.8;93;7;1;2;3
2025;8;7;7;4.91;2;10.26;29.85;70.9;88;4;6;4;12
2025;9;7;7;3.85;4.2;10.25;30.01;73.7;87;5;12;3;2
2025;10;7;7;6.26;3.2;0.06;41;71.2;95;11;6;2;2
2025;11;7;7;5.4;5.4;10.91;30.8;76.8;91;10;12;6;1
2025;12;7;7;4.58;2;11.48;28.66;78.1;90;10;5;6;3
2025;13;7;7;3.04;2.2;11.4;28.3;76.3;89;3;6;6;3
2025;14;7;7;5.01;3;11.97;28.66;77.3;51;5;8;7;4
2025;15;7;7;4.6;1;5.09;40.07;74.2;81;6;3;2;3
2025;16;7;7;5.23;0;3.06;41.92;74.2;84;8;1;2;3
2025;17;7;7;8.15;2.1;5.44;37.76;78.1;75;7;10;2;6
2025;18;7;7;4.94;2;7.19;37.01;81.5;76;8;8;3;5
2025;19;7;7;3.62;2.9;4.62;37.5;80.4;86;6;8;2;5
2025;20;7;7;3.81;2;5.62;33.78;78.3;87;5;2;2;8
2025;21;7;7;7.19;1;5.8;34.78;75.3;86;8;1;2;4
2025;22;7;7;5.39;1;4.83;36.63;79.9;88;8;2;2;9
2025;23;7;7;4.76;1.9;4.98;35.59;76.1;90;6;5;2;8
2025;24;7;7;4.61;1;6.83;36.07;73.1;77;9;2;5;8
2025;25;7;7;3.61;1;5.03;36.96;67;82;7;5;3;10
2025;26;7;7;4.31;1.1;5.68;36.2;64.1;73;5;6;4;10
2025;27;7;7;6.15;0;5.84;36.63;65;76;8;1;3;9
2025;28;7;7;6.15;0;5.66;37.96;66.1;80;8;1;3;8
2025;29;7;7;7.27;4.2;4.19;39.06;71.4;77;10;13;3;8
2025;30;7;7;5.02;2;4.36;38.3;70.2;91;8;6;3;11
2025;31;7;7;2.96;3.2;5.59;36.29;67.2;89;1;10;4;11
2025;32;7;7;5.9;3.1;5.66;34.97;65.2;78;5;11;5;11
2025;33;7;7;5.02;4;6.13;36.02;64.7;87;5;13;8;9
2025;34;7;7;5.9;4.6;5.33;37.69;60.6;93;6;12;5;10
2025;35;7;7;5.44;0.9;5.56;37.14;61.3;82;6;3;5;10
2025;36;7;7;4.43;4;10.44;28.44;60.8;88;7;13;8;6
2025;37;7;7;5.7;1.9;7.83;35.54;61.7;91;8;8;9;6
2025;38;7;7;7.93;1.9;7.39;35.81;64.1;86;12;4;8;7
2025;39;7;7;5.61;0;7.39;35.81;64.1;75;6;1;8;7
2025;40;7;7;4.29;2.1;6.94;36.46;64.6;84;2;8;8;8
2025;41;7;7;3.3;3.2;7.16;36.82;63.2;82;1;11;6;7
2025;42;7;7;3.31;1;6.87;37.51;59.8;85;4;1;5;5
2025;43;7;7;4.51;2.9;7.24;36.95;59.5;90;3;8;7;8
2025;1;14;7;5.38;0;8.7;30.6;77;64;10;1;8;7
2025;2;14;7;4.88;0;8.7;28.5;73.6;80;8;1;8;8
2025;3;14;7;0.951;3.8;8.6;26;69.8;92;11;4;6;11
2025;4;14;7;15.35;1.2;8.1;26.4;78.7;73;10;1;6;10
2025;5;14;7;11.01;0;5.8;34.3;85.6;80;7;1;9;10
2025;6;14;7;5.06;0;11.3;26.3;89;81;5;1;6;7
2025;7;14;7;5.74;3.2;6.81;34.41;92.2;84;9;6;8;11
2025;8;14;7;5.57;2.1;10.49;27.02;93.6;90;8;8;5;6
2025;9;14;7;2.67;1;10.88;27.06;95.5;94;1;2;5;5
2025;10;14;7;3.72;1;0.07;35.39;100;95;4;1;3;9
2025;11;14;7;3.27;2.2;10.03;25.48;98.6;96;4;6;3;11
2025;12;14;7;4.55;1;10.83;25.27;92.9;92;9;1;4;11
2025;13;14;7;4.79;3.1;10.22;24.72;91.5;90;9;9;3;11
2025;14;14;7;6.63;1;10.5;26.01;89.4;57;8;3;3;10
2025;15;14;7;4.68;0;6.03;36.76;85.2;79;7;1;5;10
2025;16;14;7;4.74;1.1;4.67;37.58;87.2;84;6;4;7;8
2025;17;14;7;5.29;3.2;6.7;34.3;92.5;86;3;12;5;12
2025;18;14;7;4.21;1.1;8.34;31.51;94.6;67;5;3;5;13
2025;19;14;7;3.47;2.2;6.21;31.71;96.2;82;4;6;7;13
2025;20;14;7;3.85;2.2;6.66;30.5;95.4;84;6;4;6;13
2025;21;14;7;3.67;3.2;6.89;30.92;92.3;82;3;6;6;13
2025;22;14;7;4.22;3.3;5.87;32.99;91.4;96;3;9;4;12
2025;23;14;7;5.2;0;6.64;31.99;90.1;96;7;1;5;12
2025;24;14;7;4.67;0;7.65;32.11;95;85;10;1;8;12
2025;25;14;7;2.98;0;6.35;34.16;91.4;77;5;2;7;12
2025;26;14;7;4.98;0;7.34;34.37;93.1;81;7;2;8;12
2025;27;14;7;4.54;0;7.24;35.01;92.9;82;6;2;7;12
2025;28;14;7;4.54;0;7.65;36;90.1;78;6;2;8;11
2025;29;14;7;5.68;0;4.88;36.48;89.3;89;5;1;5;12
2025;30;14;7;3.44;3.1;5.15;36.48;90.3;93;4;11;5;12
2025;31;14;7;3.49;4.4;6.16;34.22;92.7;90;3;12;7;12
2025;32;14;7;5.67;5.4;6.17;33.49;95.2;84;4;12;7;12
2025;33;14;7;4.91;2.1;6.03;32.89;89.8;85;4;9;7;12
2025;34;14;7;3.92;1;5.44;33.74;87.1;95;2;2;7;13
2025;35;14;7;4.64;1.1;5.86;33.85;85.9;94;1;4;7;13
2025;36;14;7;3.81;0;10.99;25.44;82.8;94;4;2;9;13
2025;37;14;7;4.25;0;7.76;31;81.4;95;5;1;8;13
2025;38;14;7;4.02;2.1;7.14;31.28;78.5;81;4;8;5;13
2025;39;14;7;4.76;1.1;7.14;31.28;78.5;86;4;4;5;13
2025;40;14;7;5.29;2.1;6.42;33.24;82.4;88;5;9;5;11
2025;41;14;7;3.62;2.2;7.09;33.96;84.9;89;4;9;5;11
2025;42;14;7;5.66;2.1;7.89;33.02;83;89;7;9;7;13
2025;43;14;7;5.12;1;6.71;35.48;86.5;92;5;3;4;10
2025;1;94;7;6.07;1.2;6.6;28.5;66.1;78;13;8;2;11
2025;2;94;7;6.19;2.3;6.2;28.1;61;98;12;4;1;9
2025;3;94;7;8.62;5.9;6.2;26.5;57.5;88;6;8;1;9
2025;4;94;7;13.33;5.7;6.1;26.3;61.8;68;8;8;1;11
2025;5;94;7;16.61;2.2;3.7;37.6;69.2;77;11;7;1;5
2025;6;94;7;6.5;3.3;8.7;26.7;76.1;79;6;9;1;6
2025;7;94;7;4.45;4.3;4.34;38.99;77.4;88;4;10;1;6
2025;8;94;7;5.29;1.1;8.3;28.52;77.5;84;7;3;1;9
2025;9;94;7;3.69;2.2;9.23;26.87;80;78;3;9;1;7
2025;10;94;7;3.57;3.2;0;39.07;80.7;89;3;7;1;5
2025;11;94;7;3.04;1.2;9.26;27.39;80.2;90;3;4;1;5
2025;12;94;7;2.7;1.1;9.03;27.37;76.4;85;1;2;1;7
2025;13;94;7;3.32;0;9.28;28.35;73.7;85;5;1;1;2
2025;14;94;7;4.27;3.2;9.26;29.3;74.2;50;3;9;2;3
2025;15;94;7;5.57;0;4.5;39.48;75.4;65;9;2;1;5
2025;16;94;7;6.98;2.1;2.68;40.13;75.7;83;10;7;1;6
2025;17;94;7;8.51;1;5.07;37.22;80.2;78;8;3;1;7
2025;18;94;7;4.47;2.1;6.76;36.59;81.9;64;6;10;2;6
2025;19;94;7;3.45;1;4.05;36.88;79.7;80;3;1;1;6
2025;20;94;7;2.51;3.2;5;35.13;76.4;81;1;7;1;5
2025;21;94;7;5.14;6.9;4.88;33.04;73.6;81;4;12;1;11
2025;22;94;7;4.71;3.1;3.64;37.6;79.1;96;4;7;1;6
2025;23;94;7;5.24;5.8;3.73;36.44;75.5;94;8;13;1;6
2025;24;94;7;3.95;2;4.22;37.72;76.9;73;7;11;1;3
2025;25;94;7;4.26;0;3.09;39.87;75.9;77;9;3;1;3
2025;26;94;7;4.15;0;4.5;38.94;74.3;73;4;4;1;3
2025;27;94;7;4.45;1.1;4.81;39.34;75.4;74;4;8;2;3
2025;28;94;7;4.45;1.1;5.43;40.26;79.5;72;4;8;2;3
2025;29;94;7;4.39;1.1;3.73;40.33;65.8;87;4;5;2;6
2025;30;94;7;2.44;3;3.76;40.27;68.4;93;1;10;2;5
2025;31;94;7;3.13;1.9;4.54;39.48;66.4;87;2;5;1;5
2025;32;94;7;5.39;0;4.16;37.97;61.3;83;2;3;1;7
2025;33;94;7;4.19;1;3.67;38.35;59.6;83;1;5;1;5
2025;34;94;7;5.22;1;3.25;39.91;56.4;94;5;4;1;4
2025;35;94;7;4.64;2;3.76;40.52;56.2;89;2;8;1;4
2025;36;94;7;3.15;1.1;7.76;30.04;56.1;86;1;7;2;2
2025;37;94;7;3.59;1.1;6.36;36.11;56.8;89;3;7;2;4
2025;38;94;7;4.77;1;5.87;37.72;57.1;86;6;1;2;5
2025;39;94;7;5.43;0;5.87;37.72;57.1;85;5;2;2;5
2025;40;94;7;4.33;3.1;5.04;36.99;59.4;85;3;11;2;7
2025;41;94;7;6.78;0;5.46;37.09;60.6;76;10;2;2;6
2025;42;94;7;6.04;3.1;5.99;37.49;60;93;10;10;2;6
2025;43;94;7;6.4;1;4.74;36.49;55.7;88;9;4;1;9
2025;1;7;8;5.93;1.6;16.4;34.9;63.9;78;6;4;5;1
2025;2;7;8;3.72;2.5;16.9;33.6;61.7;46;2;3;6;1
2025;3;7;8;5.02;5.8;17.2;32;61.2;87;1;7;6;1
2025;4;7;8;7.6;9.3;14.2;31.1;64.4;71;2;12;3;2
2025;5;7;8;9.28;1.7;13.2;39.5;67.8;62;9;4;3;4
2025;6;7;8;4.66;2.5;19.6;29.6;67.5;64;4;7;6;4
2025;7;7;8;4.16;1.7;13.77;36.73;68.2;78;7;6;4;9
2025;8;7;8;4.2;3.4;15.03;29.28;67.5;82;8;8;5;7
2025;9;7;8;4.12;5.9;14.45;29.28;67.4;79;5;13;3;8
2025;10;7;8;6.41;3.4;0.01;34.37;65.6;84;11;11;1;8
2025;11;7;8;6.4;0.9;13.05;30.05;65.7;80;11;3;2;8
2025;12;7;8;4.58;0.9;13.92;28.1;69.8;76;7;3;1;9
2025;13;7;8;5.96;3.4;14.57;28.21;69.2;83;11;8;3;8
2025;14;7;8;6.21;5.2;15.44;27.26;68.4;54;10;12;4;10
2025;15;7;8;5.32;1.7;10.85;34.67;63.4;70;10;5;3;9
2025;16;7;8;5.18;1.9;9.69;33;61.6;77;7;5;4;11
2025;17;7;8;9.08;0.9;11.39;31.9;67.7;71;12;6;2;12
2025;18;7;8;5.76;1.8;11.83;34.97;73.2;70;10;10;2;11
2025;19;7;8;3.29;1;9.5;37.02;71;91;9;6;2;8
2025;20;7;8;2.57;0;9.43;39.3;70;76;3;1;2;5
2025;21;7;8;3.17;0;9.49;41.26;64.5;84;6;1;2;3
2025;22;7;8;3.64;2.7;8.35;43;67.1;79;6;11;2;2
2025;23;7;8;4.12;1.8;9.23;41.67;65.3;80;10;8;2;2
2025;24;7;8;2.86;0.9;10.96;40.94;67.7;73;7;4;2;4
2025;25;7;8;2.86;0;8.88;42.01;66.8;92;7;1;2;2
2025;26;7;8;2.77;1.8;8.83;42.09;67.7;84;7;10;2;2
2025;27;7;8;2.56;2.6;8.32;41.27;61.8;71;5;9;1;2
2025;28;7;8;2.56;2.6;8.53;40.76;63.5;73;5;9;2;2
2025;29;7;8;3.95;0;8.02;42.31;63.6;82;8;1;2;2
2025;30;7;8;1.85;2.8;8.16;42.86;63.1;87;4;12;2;3
2025;31;7;8;4.1;0.8;8.74;41.66;68.5;75;10;4;2;2
2025;32;7;8;2.83;0.8;8.64;41.12;71.1;78;7;3;2;3
2025;33;7;8;2.89;2.5;9.3;41.23;68.1;63;7;9;2;3
2025;34;7;8;3.14;2.6;10.22;40.51;69;59;5;10;2;3
2025;35;7;8;3.11;2.6;9.97;39.62;65.7;68;7;11;3;4
2025;36;7;8;3.54;4.2;12.5;35.83;63.3;74;8;13;2;3
2025;37;7;8;3.74;3.5;9.77;40.93;63.7;78;10;12;2;2
2025;38;7;8;4.35;2.6;7.64;41.74;58.9;77;10;11;1;5
2025;39;7;8;3.06;3.5;7.64;41.74;58.9;82;6;13;1;5
2025;40;7;8;2.59;2.7;7.18;1.8;49.3;85;7;10;1;3
2025;41;7;8;2.67;1.8;7.82;41.68;47.7;77;5;7;1;2
2025;42;7;8;5.54;2.5;7.43;44.08;48.4;69;13;8;1;1
2025;43;7;8;6.18;2.5;9;43.38;52.7;94;13;8;2;3
2025;1;14;8;6.51;2.5;16.6;33.7;65.8;79;8;10;6;2
2025;2;14;8;3.86;4.9;16.9;32.3;76.3;56;5;12;5;2
2025;3;14;8;5.97;8.3;16.5;28.8;74.9;93;2;12;4;10
2025;4;14;8;7.98;8;15.5;27.3;77.6;75;3;10;5;12
2025;5;14;8;10.99;2.4;14.4;36.2;84;58;11;5;5;9
2025;6;14;8;5.26;0.8;18.2;29.1;84.3;75;8;4;3;6
2025;7;14;8;3.79;0.8;13.96;34.75;80.5;79;5;3;6;3
2025;8;14;8;3.8;2.5;14.98;26.66;74.1;86;4;6;4;3
2025;9;14;8;4.34;3.4;14.96;27.23;73.1;82;6;9;4;12
2025;10;14;8;5.89;3.3;0.35;34.06;74.4;80;9;10;7;10
2025;11;14;8;5.26;1.7;13.62;26.71;76.6;82;8;5;4;13
2025;12;14;8;5.48;1.7;14.18;25.66;79.3;84;12;6;2;13
2025;13;14;8;4.81;2.5;13.45;25.72;79.6;75;6;6;1;12
2025;14;14;8;7.52;5.2;14.14;24.56;77.7;32;12;13;1;12
2025;15;14;8;5.87;6.7;9.47;31.9;72.8;72;12;13;1;13
2025;16;14;8;7.38;6.7;8.87;32.59;70.7;67;13;12;2;12
2025;17;14;8;6.56;0.9;13.08;31.54;70;70;10;8;4;13
2025;18;14;8;7.21;0;13.07;35.14;73.3;61;13;1;3;10
2025;19;14;8;4.38;0;10.82;36.43;71.7;88;12;1;3;9
2025;20;14;8;3.5;1.8;10.68;38.41;71.2;80;6;8;3;7
2025;21;14;8;4.1;1.8;11.65;37.52;72.8;78;9;6;3;6
2025;22;14;8;4.54;2.6;11.16;37.16;78.4;79;11;8;3;7
2025;23;14;8;3.59;1;12.92;37.98;79.4;91;7;4;3;7
2025;24;14;8;3.78;0.9;15.56;38.29;83.4;88;9;5;8;5
2025;25;14;8;3.81;1.8;12.7;38.85;86.5;90;13;8;8;4
2025;26;14;8;3.27;0.9;12.96;37.33;88.9;81;8;4;9;6
2025;27;14;8;3.29;2.8;12.1;36.91;81.3;78;8;11;7;8
2025;28;14;8;3.29;2.8;12.08;37.38;78.3;75;8;11;8;7
2025;29;14;8;4.43;0.9;11.71;39.68;81.8;98;11;4;8;4
2025;30;14;8;2.52;0;12.12;39.02;80.7;83;7;1;8;5
2025;31;14;8;1.82;0.9;13.79;40.49;83.7;77;2;6;10;3
2025;32;14;8;1.95;1.8;13.46;41.63;88.5;79;4;10;9;2
2025;33;14;8;2.66;0.9;14.12;42.51;90.3;72;6;2;10;1
2025;34;14;8;2.05;0.9;13.53;42.31;85.4;63;2;5;10;2
2025;35;14;8;2.36;0.9;12.93;41.92;79.8;67;2;5;9;2
2025;36;14;8;3.71;3.4;15.86;34.7;75.4;73;11;12;10;5
2025;37;14;8;4.38;6.3;11.49;39.97;71;72;13;13;7;5
2025;38;14;8;6;3.6;10.64;40.44;70.6;69;12;13;6;8
2025;39;14;8;4.56;1.8;10.64;40.44;70.6;80;10;9;6;8
2025;40;14;8;4.07;3.5;9.22;37.14;64.6;92;13;12;5;9
2025;41;14;8;4.59;1.8;9.55;37.75;62.6;71;12;8;5;8
2025;42;14;8;4.34;1.7;9.71;38.06;61;72;10;7;5;8
2025;43;14;8;2.99;3.3;10.05;38.88;63.8;97;9;11;4;8
2025;1;94;8;8.36;0;16.3;32.9;77;83;12;1;4;3
2025;2;94;8;5.39;0.8;16.7;31.3;66.1;85;9;1;4;3
2025;3;94;8;7.76;3.4;17.1;31.2;63.8;86;7;5;5;2
2025;4;94;8;11.37;5.3;15.9;29.2;67.2;73;10;7;6;7
2025;5;94;8;10.23;3.4;15.2;39.1;72.2;57;10;8;7;5
2025;6;94;8;6;3.4;20.5;27.4;70.4;78;9;11;7;9
2025;7;94;8;4.14;0.9;15.28;38.03;67.4;83;6;4;7;5
2025;8;94;8;3.61;2.7;14.82;28.6;65.9;89;3;7;2;6
2025;9;94;8;3.27;1.7;15.12;30.16;65.2;72;3;5;5;7
2025;10;94;8;6.36;3.5;0.19;33.93;64.4;78;10;13;3;11
2025;11;94;8;6.2;0;15.97;29.76;66.4;79;9;1;7;9
2025;12;94;8;3.75;0.9;16.96;27.76;67.9;83;6;5;8;11
2025;13;94;8;4.81;6.5;21.09;25.67;71.2;77;7;12;12;13
2025;14;94;8;8.57;4.4;22.08;24.07;69.1;51;13;11;12;13
2025;15;94;8;6.38;4.3;15.96;34.5;65.6;81;13;8;11;10
2025;16;94;8;5.58;6.9;14.56;34.79;65.9;76;8;13;11;9
2025;17;94;8;9.61;0.9;17.12;35.85;69.1;74;13;9;12;9
2025;18;94;8;6.04;0.8;17.27;38.38;74.2;70;11;3;12;7
2025;19;94;8;3.09;1.7;15.49;40.64;75.4;97;6;7;13;4
2025;20;94;8;3.21;1.7;13.57;40.22;65.9;80;5;6;8;4
2025;21;94;8;2.52;5.2;12.31;38.07;53.5;84;4;12;4;4
2025;22;94;8;4.02;2.6;15.93;41.44;63;78;9;9;13;4
2025;23;94;8;4.81;2.7;16.12;40.58;61.5;82;12;10;12;3
2025;24;94;8;4.64;3.5;16.23;41;61.6;87;12;13;11;3
2025;25;94;8;2.97;0.9;14.89;38.38;74.4;95;8;5;12;5
2025;26;94;8;2.37;2.7;14.02;39.02;66.8;85;5;11;11;3
2025;27;94;8;3.45;1.9;13.19;38.99;65.1;75;9;7;9;5
2025;28;94;8;3.45;1.9;13.3;40.54;67.4;76;9;7;10;3
2025;29;94;8;1.83;1;14.06;39.98;60.5;96;3;7;11;3
2025;30;94;8;2.18;1;14.15;39.42;67.6;73;6;8;10;4
2025;31;94;8;2.77;0.9;14.45;39.45;70.4;73;5;7;11;4
2025;32;94;8;3.56;0.9;14.31;38.76;70.4;72;9;8;11;4
2025;33;94;8;2.64;0.9;14.22;39.2;69.9;68;5;4;11;4
2025;34;94;8;3.96;0;13.98;37.57;66.8;73;8;2;11;7
2025;35;94;8;2.99;0;14.37;38.96;67;68;6;1;11;6
2025;36;94;8;1.7;0.9;14.91;36.57;64.2;71;5;4;8;2
2025;37;94;8;3.47;2.5;12.04;39.25;62;84;8;9;10;6
2025;38;94;8;3.73;0.9;11.42;40.94;58.9;75;8;6;9;6
2025;39;94;8;4.17;0.9;11.42;40.94;58.9;79;8;3;9;6
2025;40;94;8;2.78;1.6;11.36;39.43;51.4;88;10;5;11;6
2025;41;94;8;2.94;1.7;11.99;40.56;49.3;75;6;6;11;5
2025;42;94;8;4.5;0;13.37;40.22;48.4;70;11;2;11;5
2025;43;94;8;3.3;0.8;13.43;43.42;49.9;97;10;2;11;2
2025;1;7;9;3.96;7.4;28;16.9;60.4;74;10;3;2;7
2025;2;7;9;3.09;16;27.4;16.3;63.3;100;10;12;3;7
2025;3;7;9;3.46;18.6;27.8;14.8;70.7;73;5;11;4;9
2025;4;7;9;4.18;14;27.5;15.1;100.9;67;5;10;5;10
2025;5;7;9;3.87;6.5;30.1;14.3;128.5;66;4;2;5;1
2025;6;7;9;3.6;13.1;30.1;14.3;144.9;66;3;9;5;1
2025;7;7;9;4.52;10.6;25.63;26.37;146.1;71;8;10;4;5
2025;8;7;9;3.91;11;28.52;14.79;133;61;7;8;5;4
2025;9;7;9;7.07;15.5;28.19;14.65;129.8;69;7;11;5;9
2025;10;7;9;2.77;11.8;2.71;30.36;116;75;7;8;8;5
2025;11;7;9;2.13;16.3;24.35;16.88;83.6;64;8;9;3;5
2025;12;7;9;3.55;15.5;23.21;15.94;64.9;53;6;7;4;6
2025;13;7;9;4.86;12.4;21.51;17.88;55.8;53;4;5;2;3
2025;14;7;9;7.85;11.7;21.51;19.1;53;36;9;8;2;9
2025;15;7;9;10.98;7.4;10.62;34.6;61.8;53;11;3;1;3
2025;16;7;9;11.25;4.3;10.09;38.2;67.6;45;10;1;1;3
2025;17;7;9;8.55;5.3;11.72;38.87;68;43;6;5;1;3
2025;18;7;9;5.24;3.1;10.79;40.73;65.2;34;5;2;1;2
2025;19;7;9;3.79;4.9;11.62;40.65;56.4;31;4;3;1;2
2025;20;7;9;5.3;3.1;11.25;43.17;52.8;51;9;1;1;2
2025;21;7;9;5.57;5.8;14.71;41.52;51.7;44;9;8;1;3
2025;22;7;9;5.36;7.3;13.95;40.46;56.4;47;6;10;1;3
2025;23;7;9;6.58;6.7;16.08;38.28;55.9;37;11;8;1;4
2025;24;7;9;4.56;10.7;18.05;35.67;52.3;45;10;11;1;4
2025;25;7;9;5.88;9.3;18.54;36.48;54.1;52;10;12;2;4
2025;26;7;9;8.67;9.3;16.68;37.16;56.5;58;11;11;2;3
2025;27;7;9;8.01;8.8;20.26;35.4;61.8;53;11;12;2;4
2025;28;7;9;8.01;8.8;20.82;35.59;64.9;51;11;12;2;3
2025;29;7;9;3.48;2.7;21.56;34.22;63.2;42;8;1;2;3
2025;30;7;9;3.5;2.7;21.73;33.28;63.7;54;4;1;2;3
2025;31;7;9;4.05;3.6;21.46;33.43;64.8;57;4;3;3;4
2025;32;7;9;3;5.3;22.01;33.07;68;50;2;5;4;5
2025;33;7;9;3.57;6.5;23.02;32.54;74.9;58;4;3;4;3
2025;34;7;9;3.89;2.9;23.05;31.64;82.3;60;6;1;3;2
2025;35;7;9;3.51;6.1;22.82;30.89;84.8;56;6;4;3;4
2025;36;7;9;2.68;9.8;21.7;25.42;87.8;57;6;9;4;1
2025;37;7;9;1.93;9.3;23.31;25.29;88.5;61;6;7;2;2
2025;38;7;9;1.68;8.3;23.17;29.03;88.6;61;3;6;3;2
2025;39;7;9;2.38;6.1;23.17;29.03;88.6;56;6;2;3;2
2025;40;7;9;1.68;8;22.2;27.61;85;59;1;6;2;2
2025;41;7;9;2.73;7.1;23.02;27.64;86.3;48;7;5;3;2
2025;42;7;9;2.58;15.4;23;26.47;81.8;66;5;13;4;2
2025;43;7;9;1.89;5.4;18.52;21.35;98.1;62;5;1;1;2
2025;1;14;9;4.58;6.3;34.5;13.8;78.9;39;12;1;13;12
2025;2;14;9;5.01;7.1;33.9;12.8;84.1;60;12;2;13;12
2025;3;14;9;5.39;10.4;34;12.3;94.2;72;9;4;13;12
2025;4;14;9;4.03;7.3;33.6;12.4;140.8;62;4;2;11;12
2025;5;14;9;3.96;4.96;36.2;11;186;64;5;1;11;11
2025;6;14;9;3.37;6.9;36.2;11;235.4;64;2;2;11;11
2025;7;14;9;2.84;7.5;33.63;18.69;235.9;61;2;4;12;8
2025;8;14;9;3.5;14.3;34.26;12.13;218;56;6;11;11;3
2025;9;14;9;4.34;9.5;34.5;13.13;221.1;74;4;5;11;11
2025;10;14;9;1.7;7.3;2.84;23.52;185.9;72;2;2;9;12
2025;11;14;9;1.54;14.7;31.78;12.56;129.1;55;3;5;12;13
2025;12;14;9;4.33;13.3;31.11;13.92;97;41;9;3;12;13
2025;13;14;9;4.51;10.3;29.42;16.47;83.8;44;2;3;11;9
2025;14;14;9;6.06;12.2;27.3;18.86;75.2;30;7;9;9;10
2025;15;14;9;6.23;9.7;14.05;33.26;77.8;50;5;7;8;6
2025;16;14;9;6.64;8.6;14.7;35.45;80.4;40;4;6;9;5
2025;17;14;9;5.04;3.4;15.41;36.45;79.6;42;3;2;9;4
2025;18;14;9;4.18;4.4;14.69;38.29;76.1;30;3;5;7;4
2025;19;14;9;3.72;4.4;16.13;37.66;68.1;37;3;2;10;4
2025;20;14;9;3.94;3.3;15.15;38.56;67.6;45;2;3;8;4
2025;21;14;9;5.53;6.5;19.49;36.34;68.2;52;8;10;8;5
2025;22;14;9;4.8;4.1;17.43;38.04;72.8;53;5;3;8;5
2025;23;14;9;4.83;2.9;20.73;34.45;71.5;50;5;1;10;7
2025;24;14;9;2.44;3.9;22.57;31.44;65.3;54;2;2;10;10
2025;25;14;9;3.8;3.1;21.77;30.64;64.6;46;5;2;10;13
2025;26;14;9;7.35;0;19.65;32.14;65.6;53;9;1;8;12
2025;27;14;9;6.88;7.7;23.84;29.73;73.1;51;7;11;10;13
2025;28;14;9;6.88;7.7;24.12;30;75.8;41;7;11;9;12
2025;29;14;9;3.73;5.6;25.31;31.85;71.4;46;9;3;8;6
2025;30;14;9;3.9;3.9;24.76;30.96;71.1;64;6;3;8;8
2025;31;14;9;4.62;6;23.71;30.35;69.8;44;8;6;5;9
2025;32;14;9;3.97;8.7;24.68;29.89;72.7;49;6;8;5;10
2025;33;14;9;4.03;8.3;25.05;31.01;85;53;7;7;5;9
2025;34;14;9;3.4;4.8;24.92;28.51;97;56;5;2;5;6
2025;35;14;9;3.46;5.7;24.97;28.49;107.2;47;5;2;5;7
2025;36;14;9;1.28;9.6;24.49;21.65;112.5;48;3;7;6;7
2025;37;14;9;1.28;8;25.63;21.57;114.3;54;2;4;5;8
2025;38;14;9;1.82;10.1;26.09;25.25;112.3;60;6;10;5;6
2025;39;14;9;1.78;6.4;26.09;25.25;112.3;54;2;3;5;6
2025;40;14;9;1.75;6.5;24.96;24.96;101.6;69;2;4;5;5
2025;41;14;9;2.46;8.8;23.3;24.62;101.9;48;5;8;5;5
2025;42;14;9;2.13;6.3;23.55;24.2;97.4;53;4;3;5;5
2025;43;14;9;1.39;6.3;22;18.61;117.9;56;1;3;5;6
2025;1;94;9;5.77;11.8;31.7;17.2;56;44;13;10;9;6
2025;2;94;9;7;13.1;31.1;16.7;63.4;21;13;8;9;6
2025;3;94;9;7.53;13.1;31.3;15.8;73.7;62;13;7;9;6
2025;4;94;9;3.53;7.5;30.8;15.5;113.9;61;3;3;8;7
2025;5;94;9;2.95;12.3;33.7;14.2;157.3;59;1;9;7;4
2025;6;94;9;2.68;10.4;33.7;14.2;186.9;59;1;6;7;4
2025;7;94;9;2.7;9.6;31.36;20.54;179.5;65;1;9;9;10
2025;8;94;9;2.9;11.8;33.02;15.18;170.5;62;3;9;10;6
2025;9;94;9;3.96;19;32.6;14.5;167.4;72;2;13;9;10
2025;10;94;9;1.88;13.5;3.8;25.17;147.2;73;3;12;11;10
2025;11;94;9;1.48;21.3;29.73;14.36;101.6;51;2;13;9;12
2025;12;94;9;3.44;25.3;28.83;14.15;79.6;42;5;13;10;12
2025;13;94;9;4.64;17.5;26.9;17.13;66.9;41;3;11;8;5
2025;14;94;9;5.72;15.8;25.43;19.7;62.5;38;6;10;8;7
2025;15;94;9;6.84;17;13.21;33.69;63.5;56;6;11;5;4
2025;16;94;9;6.6;11;12.97;34.68;66.4;45;3;8;6;7
2025;17;94;9;6.22;5.4;13.03;34.75;68.4;36;4;6;4;6
2025;18;94;9;4.61;5.1;12.66;36.85;68.1;35;4;8;2;5
2025;19;94;9;4.06;6.3;13.8;36.88;60.6;37;5;5;3;6
2025;20;94;9;4.22;8.4;13.11;38.56;57.8;47;4;10;4;5
2025;21;94;9;5.49;2;17.48;35.29;56.1;46;7;1;4;6
2025;22;94;9;4.79;6.7;15.92;37.48;58.3;52;4;9;3;6
2025;23;94;9;6.25;6.5;17.85;36.14;56.6;41;9;7;3;5
2025;24;94;9;4.88;7.7;20.06;32.98;53.1;41;11;9;6;7
2025;25;94;9;3.98;8.7;19.18;34.6;52.6;40;6;11;4;5
2025;26;94;9;6.18;3.8;17.15;35.5;55.9;50;6;7;3;6
2025;27;94;9;7.45;4.9;20.29;32.64;61.2;51;10;6;3;6
2025;28;94;9;7.45;4.9;21.64;31.2;62.1;43;10;6;4;9
2025;29;94;9;4.14;8.7;21.82;31.4;53.4;40;10;11;3;7
2025;30;94;9;6.65;7.6;21.94;31.08;54.8;63;11;9;3;6
2025;31;94;9;6.38;7.9;20.69;32.76;54.8;49;10;9;2;5
2025;32;94;9;5.18;8.7;21.53;34.5;59.2;51;10;9;2;3
2025;33;94;9;5.53;5.9;22.35;32.46;70;42;11;2;3;4
2025;34;94;9;4.31;7.2;23.11;30.64;80.6;50;7;5;4;4
2025;35;94;9;4.74;10.4;24.19;30.2;87.5;45;7;12;4;5
2025;36;94;9;2.78;12.1;21.02;23.43;91.8;54;7;12;3;3
2025;37;94;9;1.77;12.1;23.77;21.66;92.2;55;4;13;4;7
2025;38;94;9;1.35;12.5;23.65;24.55;87.9;55;1;11;4;7
2025;39;94;9;2.12;9;23.65;24.55;87.9;48;5;5;4;7
2025;40;94;9;1.95;5.9;22.72;24.79;84.3;61;4;2;4;6
2025;41;94;9;2.29;5.4;23.11;23.52;88.1;53;4;2;4;7
2025;42;94;9;2.01;6;22.76;23.1;84.3;65;2;2;3;7
2025;43;94;9;1.72;6;18.88;18.47;104.2;66;3;2;3;7
2025;1;7;10;5.01;0;16.3;39.4;71;98;6;1;6;1
2025;2;7;10;3.36;1.1;16;38.3;70.1;100;6;1;5;1
2025;3;7;10;5.03;6.5;15.9;35.7;67.7;98;6;6;5;1
2025;4;7;10;8.26;4.5;13.7;36.1;68;89;7;5;5;1
2025;5;7;10;7.02;2.7;12.9;41.5;72.2;94;3;5;4;1
2025;6;7;10;6.2;3.4;18.6;33.1;66.5;97;6;4;5;1
2025;7;7;10;6.25;4;13.82;40.51;65.7;94;9;6;4;4
2025;8;7;10;6.07;1.1;14.9;36.69;66.8;96;11;1;4;12
2025;9;7;10;4.4;2.9;14.82;39.32;70.4;95;3;9;4;1
2025;10;7;10;4.28;5.6;1.01;42.09;70.6;83;12;11;9;2
2025;11;7;10;5.05;5.5;14.23;38.58;71;78;13;12;3;1
2025;12;7;10;4.32;1.7;13.85;38.72;70.6;83;10;1;3;2
2025;13;7;10;3.76;6.5;14.34;38.2;68.4;72;8;13;3;2
2025;14;7;10;4.02;5.5;13.82;41.71;67.8;43;8;12;3;1
2025;15;7;10;4.09;3.6;10.38;46.04;66.1;91;10;11;2;1
2025;16;7;10;4.11;4.2;8.89;45.92;65.5;91;10;11;2;1
2025;17;7;10;4.54;3;11.49;39.38;63.8;99;9;8;2;4
2025;18;7;10;3.77;4.7;12.3;45.06;68.4;90;8;11;2;2
2025;19;7;10;4.95;2.8;11.24;44.38;65.6;86;12;4;2;1
2025;20;7;10;4.99;0;12.52;43.8;66.5;90;11;1;2;1
2025;21;7;10;3.2;1.7;12.26;44.79;62.3;90;2;2;3;1
2025;22;7;10;4.09;1.7;13.07;45.47;67.1;95;8;4;3;1
2025;23;7;10;3.82;1.1;12.6;47.41;65.5;97;5;1;3;1
2025;24;7;10;3.28;1.1;13.12;48.13;65.2;96;9;1;3;1
2025;25;7;10;3.04;2.1;12.64;48.56;64.2;92;7;5;3;1
2025;26;7;10;4.34;4.4;13.68;47.34;67.1;97;13;12;3;1
2025;27;7;10;3.98;2.7;13.7;46.8;65.3;96;13;7;3;1
2025;28;7;10;3.98;2.7;13.99;48.71;67.5;93;13;7;3;1
2025;29;7;10;3.23;0.5;13.52;50.17;71.4;88;9;1;4;1
2025;30;7;10;2.87;1.6;13.35;48.8;70.9;97;8;4;3;1
2025;31;7;10;2.89;2.2;13.82;46.96;70.4;96;5;8;3;1
2025;32;7;10;3.84;1.1;13.72;47.17;70.8;91;12;1;3;1
2025;33;7;10;3.24;3.1;13.07;46.6;69.9;93;7;5;3;1
2025;34;7;10;2.99;1;12.52;47.19;67.1;94;8;3;3;1
2025;35;7;10;2.83;2.1;12.63;46.03;66.6;89;8;3;3;1
2025;36;7;10;1.93;3.2;13.93;41.59;66.2;91;1;6;5;1
2025;37;7;10;2.03;3.2;11.12;47.45;65;98;1;7;2;1
2025;38;7;10;2.79;2.2;10.84;47.74;64;96;4;6;2;1
2025;39;7;10;3.1;2.2;10.84;47.74;64;91;7;5;2;1
2025;40;7;10;2.92;3.3;10;47.61;61.3;93;8;10;3;1
2025;41;7;10;2.26;3.3;10.86;47.42;62.5;90;5;6;3;1
2025;42;7;10;3.63;3.2;10.71;48.38;60.4;94;10;10;3;1
2025;43;7;10;3.07;4.9;11.47;46.15;61.4;96;10;13;3;2
2025;1;14;10;5.97;1.2;23;34.7;88.9;93;8;2;12;6
2025;2;14;10;3.69;1.2;23;34.3;89.9;100;7;2;12;7
2025;3;14;10;4.7;3.7;22.7;31.1;88;97;3;1;12;9
2025;4;14;10;8.26;4.3;20.6;31.7;94.4;95;8;4;9;7
2025;5;14;10;8.29;1.8;19.3;37.2;98.1;97;7;3;9;8
2025;6;14;10;5.46;1.8;24.3;30.9;92.8;97;2;1;10;6
2025;7;14;10;5.79;4.5;21.07;36.05;92.4;90;7;9;9;6
2025;8;14;10;5.2;1.8;21.14;36.14;89.8;97;4;3;10;11
2025;9;14;10;4.54;2.4;21.37;35.94;91;90;4;5;10;4
2025;10;14;10;3.52;3.4;0.88;37.42;93;81;7;7;8;8
2025;11;14;10;3.91;2.9;20.75;33.44;93.4;92;7;5;9;6
2025;12;14;10;5.34;2.9;21.05;33.2;90.4;87;12;7;9;6
2025;13;14;10;3.48;2.9;20.49;32.54;86.9;73;5;6;9;7
2025;14;14;10;3.84;2.3;20.72;36.6;83.9;70;7;5;9;4
2025;15;14;10;3.44;2.3;15.37;41.45;79;83;6;5;6;4
2025;16;14;10;3.2;1.2;14.92;40.74;76;91;5;3;6;6
2025;17;14;10;2.91;1.2;19.67;33.91;95.8;93;2;2;8;9
2025;18;14;10;3.01;1.8;16.91;44.56;76;86;3;5;7;3
2025;19;14;10;3.71;2.5;16.03;42.03;73.3;85;7;3;7;4
2025;20;14;10;3.95;1.3;18.02;42.61;75.5;90;6;2;7;4
2025;21;14;10;3.58;5.4;17.55;41.67;71.7;95;6;10;8;3
2025;22;14;10;3.81;1.2;17.46;43.2;77.5;95;6;2;8;4
2025;23;14;10;3.14;1.2;16.96;43.74;78.1;95;2;2;8;5
2025;24;14;10;2.39;1.1;17.27;44.35;81.3;96;1;2;8;4
2025;25;14;10;2.68;4;17.04;45.17;82;89;3;13;7;3
2025;26;14;10;2.29;1.1;19.24;46.51;85.2;94;4;3;8;2
2025;27;14;10;1.97;0.6;18.52;45.99;81.4;97;2;2;7;2
2025;28;14;10;1.97;0.6;18.59;46.25;82.1;95;2;2;7;2
2025;29;14;10;2.83;1.2;18.29;48.88;86.2;97;4;4;7;2
2025;30;14;10;2.76;1.2;18.25;48.01;86.7;97;4;3;7;2
2025;31;14;10;2.57;1.8;18.28;45.77;86.2;94;4;7;7;2
2025;32;14;10;2.96;2.4;17.25;44.86;84.5;94;6;7;7;2
2025;33;14;10;2.94;1.8;16.28;43.64;78.9;95;6;3;7;3
2025;34;14;10;3.11;4.2;15.43;44.35;75.7;97;11;12;7;3
2025;35;14;10;2.82;3.5;15.49;45.85;73.1;95;7;9;7;2
2025;36;14;10;2.39;3;16.4;39.19;76.9;92;5;5;7;4
2025;37;14;10;2.61;1.8;15.01;44.72;77.3;97;6;5;7;3
2025;38;14;10;2.36;1.2;14.03;45.08;74.7;98;3;3;7;3
2025;39;14;10;2.14;2.4;14.03;45.08;74.7;90;3;6;7;3
2025;40;14;10;2.24;1.2;13.3;46.08;70.7;94;4;3;7;2
2025;41;14;10;2.99;2.9;13.53;46.73;72.1;89;7;4;7;3
2025;42;14;10;2.72;0;13.2;46.63;72;91;6;1;5;3
2025;43;14;10;1.78;1.2;14.33;44.9;73.9;97;2;2;6;3
2025;1;94;10;9.15;1.7;14.1;34.3;72.3;89;11;3;3;7
2025;2;94;10;5.61;2.2;13.5;34.4;76.4;100;9;3;3;6
2025;3;94;10;4.73;3.8;13.6;32.4;73.5;92;4;2;3;3
2025;4;94;10;7.98;6.6;13.3;32.4;76.8;92;5;8;3;4
2025;5;94;10;8.9;4.9;13.1;37.9;77.1;96;10;8;5;7
2025;6;94;10;7.63;2.8;17;29.9;71.5;96;11;3;3;8
2025;7;94;10;5.49;2.2;14.3;37.54;69.8;95;5;1;5;1
2025;8;94;10;5.54;2.2;14.35;31.44;69;93;6;4;3;6
2025;9;94;10;4.91;1.8;14.07;33.23;72.5;89;9;3;3;7
2025;10;94;10;4.26;2.3;1.02;37.65;72.2;84;11;5;10;7
2025;11;94;10;4.68;3.5;13.83;32.7;72.1;86;12;8;2;7
2025;12;94;10;3.71;3.9;13.41;32.3;67;83;8;9;2;9
2025;13;94;10;4.34;2.3;13.01;31.98;66;76;11;5;2;8
2025;14;94;10;4.41;3.5;13.3;37.07;70.9;58;9;10;2;3
2025;15;94;10;4.95;2.9;10.62;41.77;68.3;89;13;8;3;3
2025;16;94;10;4.13;1.2;10.44;40.98;67.4;93;11;4;3;4
2025;17;94;10;4.26;2.3;15.06;32.48;82.3;96;7;6;4;11
2025;18;94;10;4.22;1.1;12.35;41.72;68.7;91;10;1;3;8
2025;19;94;10;3.79;1.1;11.31;40.92;65.3;94;8;1;3;6
2025;20;94;10;4.79;2.3;12.52;39.81;65.6;89;10;4;3;7
2025;21;94;10;4.17;2.2;11.34;40.31;61;93;9;3;2;6
2025;22;94;10;4.28;1.6;11.75;42.01;63.6;94;10;3;2;5
2025;23;94;10;4.76;1.6;11.21;44.18;63.5;96;11;3;2;4
2025;24;94;10;4.02;2.9;11.63;44.61;62.9;93;11;9;2;3
2025;25;94;10;3.11;1.1;11.17;45.28;65.9;92;8;1;2;2
2025;26;94;10;2.25;0.5;12.92;44.75;67.6;88;2;1;2;4
2025;27;94;10;2.07;1.1;12.93;44.93;65.6;91;3;3;2;4
2025;28;94;10;2.07;1.1;13.26;45.53;66.4;95;3;3;2;3
2025;29;94;10;3;0.6;12.38;47.1;64.1;99;6;2;2;3
2025;30;94;10;2.8;2.2;12.2;46.23;62.5;98;6;7;2;3
2025;31;94;10;3.98;1.1;12.04;45.52;64.3;96;12;2;2;3
2025;32;94;10;3.57;1.7;11.79;44.81;63.2;93;10;5;2;3
2025;33;94;10;3.29;3.8;11.42;44.5;60.8;91;10;8;2;2
2025;34;94;10;3.07;2.2;11.64;45.05;60.2;94;10;5;2;2
2025;35;94;10;3.34;4.4;11.99;45.06;58.2;94;10;10;2;3
2025;36;94;10;3.61;3.4;12.49;39.64;58.6;94;11;8;2;3
2025;37;94;10;3.32;0.6;11.35;45.82;58.6;97;8;2;3;2
2025;38;94;10;3.26;3.4;11.23;46.38;57.2;95;7;10;3;2
2025;39;94;10;3.43;6.6;11.23;46.38;57.2;92;9;12;3;2
2025;40;94;10;2.64;4.5;9.89;45.69;53.7;94;6;11;2;3
2025;41;94;10;3.24;4.5;10.23;46.81;56.8;91;10;11;2;2
2025;42;94;10;2.74;3.9;10.24;47.3;55.4;94;7;13;2;2
2025;43;94;10;3.07;1.8;10.73;48.18;59.9;98;11;6;2;1
2025;1;7;11;2.93;1.4;14.2;52.3;50.5;69;3;1;6;1
2025;2;7;11;1.69;3.1;13.9;51.6;49.5;100;2;6;6;1
2025;3;7;11;3.46;5.3;13.2;51.2;51.4;96;3;3;6;1
2025;4;7;11;5.95;4.4;12;51.4;50.3;91;4;10;7;1
2025;5;7;11;7.46;4.4;10.2;55.5;53.9;93;13;10;5;2
2025;6;7;11;8.12;3.8;16.8;49.8;50.8;94;13;9;6;1
2025;7;7;11;5.57;2.9;9.76;58.01;51.4;95;11;10;5;8
2025;8;7;11;3;2.1;11.79;52.59;51.9;92;6;6;5;13
2025;9;7;11;3.82;3.5;12.36;52.14;54.7;90;9;12;6;1
2025;10;7;11;2.14;0.7;0.02;59.16;58.3;85;7;1;4;1
2025;11;7;11;2.19;2.2;11.96;52;54.6;84;5;8;5;1
2025;12;7;11;3.3;3.7;11.25;50.14;49;86;9;10;4;1
2025;13;7;11;4.14;1.5;11.7;48.72;43.8;71;11;3;5;1
2025;14;7;11;5.03;2.2;14.12;51.17;47.2;38;11;4;4;1
2025;15;7;11;3.96;0.7;6.82;57.26;43.5;64;10;2;5;1
2025;16;7;11;5.84;1.4;5.78;56.93;43.9;78;13;7;4;1
2025;17;7;11;7.01;2.2;7.18;58.97;45.5;83;13;11;1;1
2025;18;7;11;3.91;1.4;6.27;58.32;44.1;81;11;5;1;1
2025;19;7;11;4.37;1.4;6.06;58.01;41.8;77;13;3;1;1
2025;20;7;11;3.24;4.2;7.48;57.01;41.5;83;7;12;2;1
2025;21;7;11;4.14;1.4;7.64;54.91;37.4;84;12;3;2;1
2025;22;7;11;3.86;2.1;8.61;56.94;43.3;79;10;2;4;1
2025;23;7;11;4.04;2.1;7.79;55.17;41.6;80;9;5;3;1
2025;24;7;11;2.57;2.1;9.6;51.89;43.8;76;7;7;4;4
2025;25;7;11;2.74;2.8;8.53;54.06;43.7;60;7;8;4;1
2025;26;7;11;3.17;2.9;9.91;52.55;45.8;71;8;7;8;2
2025;27;7;11;2.47;2.1;10.81;52.47;47.7;86;2;4;9;4
2025;28;7;11;2.47;2.1;10.59;53.27;47.3;84;2;4;7;1
2025;29;7;11;3.31;2.8;9.43;54.53;47.9;81;8;11;9;2
2025;30;7;11;3.29;2.1;9.7;53.02;45.7;89;4;8;9;5
2025;31;7;11;3.07;2.2;11.5;52.78;45.5;90;1;4;10;3
2025;32;7;11;3.24;0.7;11.67;54.02;45.9;91;5;1;10;4
2025;33;7;11;2.96;2.2;11.23;53.65;43.1;89;3;7;10;3
2025;34;7;11;2.09;2.8;10.3;54.13;41.8;78;5;8;8;2
2025;35;7;11;2.57;2.1;10.93;52.63;40.8;78;3;2;9;2
2025;36;7;11;2.46;2.7;12.79;47.2;42;79;2;7;5;4
2025;37;7;11;2.68;0.7;10.72;53.34;41.5;83;4;2;8;3
2025;38;7;11;2.61;0;10.21;53.68;40.1;80;6;1;6;3
2025;39;7;11;2.21;0.7;10.21;53.68;40.1;86;5;1;6;3
2025;40;7;11;2.02;3.5;9.71;55.05;42;79;5;10;6;2
2025;41;7;11;1.9;2.1;11.15;55;43.9;81;3;5;6;3
2025;42;7;11;2.58;2.2;11.15;55.07;43.6;82;8;3;6;2
2025;43;7;11;2.99;2.1;12.52;57.29;43.8;84;10;2;4;1
2025;1;14;11;2.49;2.2;20.4;46.4;69;70;1;4;13;7
2025;2;14;11;1.91;2.3;19.9;45.3;70;100;1;3;13;7
2025;3;14;11;2.76;6;19.2;45.1;67.4;92;1;9;10;6
2025;4;14;11;4.24;1.5;18.3;45;64.7;89;2;1;11;6
2025;5;14;11;4.12;3;17;46.6;68.4;90;4;5;10;9
2025;6;14;11;4.42;3;22.9;42.2;65.1;93;8;6;11;10
2025;7;14;11;5.3;3;16.62;48.86;66.6;99;10;11;10;13
2025;8;14;11;3.99;3.7;18.12;43.98;65;97;12;11;11;5
2025;9;14;11;4.24;3.6;18.33;41.96;66.7;91;10;13;10;10
2025;10;14;11;2.03;5.1;0.1;51.61;68.4;90;6;12;11;5
2025;11;14;11;2.45;4.4;17.85;43.3;66.8;72;8;12;9;10
2025;12;14;11;3.96;3.6;17.92;43.42;63.7;79;12;8;11;7
2025;13;14;11;2.31;2.2;19.13;43.76;59.2;84;5;7;12;7
2025;14;14;11;2.93;1.5;19.26;45.25;54.8;41;6;2;10;8
2025;15;14;11;3.08;2.2;10.15;52.23;52.1;65;8;10;8;8
2025;16;14;11;3.92;3;10.1;51.03;47.6;78;8;12;9;8
2025;17;14;11;5.23;0.8;12.21;50.41;50.5;82;12;5;8;6
2025;18;14;11;4.75;2.3;11.36;50.2;49;70;12;9;8;7
2025;19;14;11;3.89;1.5;11.15;50.27;47.1;80;12;4;8;6
2025;20;14;11;3.41;2.2;11.49;49.59;48.1;83;8;6;8;5
2025;21;14;11;3.21;2.8;12.12;47.28;43.5;84;5;7;9;7
2025;22;14;11;3.62;3.6;10.59;46.92;47.6;84;8;11;8;10
2025;23;14;11;3.22;1.5;11.64;50.87;49.9;77;5;4;8;4
2025;24;14;11;2.55;0;13.56;51.92;54.7;83;6;1;10;3
2025;25;14;11;2.86;2.2;13.08;53.43;57.1;67;8;6;10;2
2025;26;14;11;2.95;2.9;13.11;52.47;58.5;75;5;8;12;3
2025;27;14;11;3.19;0.8;14.23;52.64;58.8;86;6;2;12;2
2025;28;14;11;3.19;0.8;13.12;52.68;57.9;95;6;2;11;2
2025;29;14;11;2.47;1.5;10.52;53.84;55.6;84;5;4;11;3
2025;30;14;11;2.92;1.5;10.39;53.84;53.1;93;1;6;11;1
2025;31;14;11;3.16;2.2;11.22;53.75;52.4;99;2;5;9;1
2025;32;14;11;3.22;0.7;10.83;54.06;54.1;97;4;2;9;3
2025;33;14;11;2.96;0.7;11.02;52.4;52.1;91;4;2;9;5
2025;34;14;11;1.69;2.3;10.95;52.2;48.8;85;2;7;10;5
2025;35;14;11;2.57;3;10.84;51.36;47.9;81;4;8;8;5
2025;36;14;11;3.24;1.5;14.37;45.62;49.2;77;8;3;11;7
2025;37;14;11;3.07;2.3;10.69;49.33;46.9;85;6;5;6;7
2025;38;14;11;3.07;2.3;10.34;49.77;44.4;85;8;5;7;7
2025;39;14;11;3.41;5.1;10.34;49.77;44.4;87;11;12;7;7
2025;40;14;11;3.48;0.8;10.83;53.01;46.9;83;10;3;8;5
2025;41;14;11;3.25;3.1;12.02;52.44;48.9;88;10;9;8;5
2025;42;14;11;2.46;3.2;12.03;53.33;48.9;90;7;10;8;5
2025;43;14;11;3.27;4.6;14.86;53.86;50.2;77;11;9;7;4
2025;1;94;11;5.38;2.9;13.3;50.4;55.4;67;8;7;5;4
2025;2;94;11;3.76;2.3;13;49.3;57.2;82;8;3;5;4
2025;3;94;11;3.16;3.8;45.1;47.9;55.3;99;2;1;3;4
2025;4;94;11;4.71;6.1;11.8;47.9;52;88;3;11;6;4
2025;5;94;11;5.21;5.5;11.1;52.2;52.1;88;11;11;6;4
2025;6;94;11;8.06;2.3;16.8;46.1;48;92;12;2;5;3
2025;7;94;11;5.99;1.6;10.66;52.65;48.2;95;12;4;6;5
2025;8;94;11;3.71;0;12.58;47.43;47.2;98;10;1;6;9
2025;9;94;11;2.78;0;12.24;45.55;48.9;90;7;1;5;6
2025;10;94;11;1.42;4.4;0.05;51.78;50.2;83;4;11;8;4
2025;11;94;11;2.25;2.9;11.27;46.01;50.3;86;6;9;2;6
2025;12;94;11;2.79;3.6;10.56;45.86;45.5;85;6;9;2;5
2025;13;94;11;2.6;3.7;10.74;44.03;40.8;75;7;9;2;6
2025;14;94;11;3.6;1.5;13.63;46.03;45.7;38;10;3;3;5
2025;15;94;11;3.33;0.7;7.7;55.94;42.2;73;9;4;6;2
2025;16;94;11;3.41;0.7;7.81;55.27;39.6;71;6;3;7;3
2025;17;94;11;4.52;0.7;7.91;52.18;40;69;10;3;4;2
2025;18;94;11;3.34;2.2;8.14;52.49;39.1;74;8;8;3;3
2025;19;94;11;3.05;5.2;7.31;52.16;37.9;83;9;13;3;3
2025;20;94;11;3.78;3.8;8.01;52.18;37.8;83;9;11;3;3
2025;21;94;11;3.66;7.3;7.86;50.83;34.1;74;9;13;3;2
2025;22;94;11;3.87;2.9;6.55;54.13;37.7;80;11;5;1;2
2025;23;94;11;5.55;2.9;6.09;53.52;37.2;74;13;11;1;2
2025;24;94;11;3.81;0;7.59;52.55;40.8;76;11;3;1;1
2025;25;94;11;2.49;2.8;7.41;52.33;41.7;63;4;9;2;4
2025;26;94;11;3.59;5.1;8.62;51.85;45;73;10;13;3;4
2025;27;94;11;3.73;2.2;8.37;52.53;45.1;90;11;8;2;3
2025;28;94;11;3.73;2.2;8.07;52.14;44.4;87;11;8;2;4
2025;29;94;11;3.83;1.4;6.2;53.31;42.2;89;10;3;1;5
2025;30;94;11;3.65;1.5;6.35;53.25;40.7;92;7;7;1;3
2025;31;94;11;3.66;2.2;7.77;52.03;39.9;93;7;6;1;4
2025;32;94;11;3.73;0.7;7.3;54.08;41.7;89;8;3;1;2
2025;33;94;11;3.44;2.1;7.61;54.21;39.8;84;7;6;1;1
2025;34;94;11;2.17;2.9;7.21;52.75;37.6;80;7;9;1;3
2025;35;94;11;2.94;2.8;7.12;52;35.9;85;7;7;1;4
2025;36;94;11;2.76;0.7;9.56;46.24;35.3;81;5;1;3;6
2025;37;94;11;2.27;3.8;7.75;51.78;35.3;86;2;11;2;4
2025;38;94;11;2.95;3.1;7.46;52.56;34.1;86;7;9;2;4
2025;39;94;11;3.03;0.8;7.46;52.56;34.1;85;8;2;2;4
2025;40;94;11;2.52;4.5;6.73;54.09;33;80;7;12;2;3
2025;41;94;11;3.56;1.5;7.52;55.3;37.1;88;11;4;2;2
2025;42;94;11;2.74;2.2;7.45;55.4;36.6;90;9;4;1;1
2025;43;94;11;2.79;1.5;8.09;57;37.3;79;8;1;1;2
2025;1;7;12;2.53;2.9;18.9;31;75;78;5;3;1;1
2025;2;7;12;2.08;4;19.1;29.4;65.7;97;3;3;1;1
2025;3;7;12;5.16;3.1;18.8;28.3;64.4;81;9;4;1;1
2025;4;7;12;7.75;2.9;18.1;28.8;72.4;79;7;3;1;1
2025;5;7;12;6.08;1.8;15.9;34;74.6;81;4;2;1;2
2025;6;7;12;4.39;3.7;23.6;24.7;87;77;4;7;1;1
2025;7;7;12;3.67;2.8;15.48;32.61;89.6;59;3;3;1;4
2025;8;7;12;4.04;2.9;19.52;24.98;86.6;70;8;1;1;13
2025;9;7;12;3.85;2.8;19.98;25.81;91.4;69;1;5;2;1
2025;10;7;12;2.87;4.8;0.3;33.76;90.1;68;1;7;2;2
2025;11;7;12;2.95;2.9;19.75;26.6;86.6;63;1;6;2;1
2025;12;7;12;3.76;1;19.86;26.72;85;67;8;1;1;1
2025;13;7;12;4.87;1;19.92;25.54;78.2;63;10;1;1;1
2025;14;7;12;5.29;3.7;20.22;26.66;77.8;45;9;6;2;1
2025;15;7;12;4.87;3;13.4;36.15;79.5;61;7;3;1;1
2025;16;7;12;5.13;2.9;12.56;36.16;78.4;65;9;2;1;1
2025;17;7;12;5.21;1;20.13;34.06;85.4;58;8;1;1;1
2025;18;7;12;3.38;1;18.19;35.81;88.5;62;5;1;1;1
2025;19;7;12;2.33;1.9;16.65;35.66;80.9;54;3;2;1;1
2025;20;7;12;2.57;0;17.81;35.73;80.2;69;3;1;1;1
2025;21;7;12;2.88;5.3;18.2;34.98;75.8;71;1;8;1;1
2025;22;7;12;2.83;2.1;17.7;33.82;80.2;54;2;3;1;1
2025;23;7;12;3.23;1;17.84;32.79;80.1;55;5;2;1;1
2025;24;7;12;2.85;0;18.18;33.23;83.5;65;5;1;1;1
2025;25;7;12;1.78;0;17.27;33.36;82.1;65;4;1;1;1
2025;26;7;12;1.87;1;18.18;34.07;82.5;72;2;1;1;1
2025;27;7;12;2.22;4.1;19.5;35.88;85.5;69;4;6;1;1
2025;28;7;12;2.22;4.1;19.41;36.8;86.9;61;4;6;1;1
2025;29;7;12;1.41;1;22.75;36.49;88;58;1;1;2;1
2025;30;7;12;1.8;0;22.59;36.54;87;66;3;1;1;1
2025;31;7;12;1.99;1;25.42;36.58;86.9;52;4;1;5;1
2025;32;7;12;2.7;1.8;24.85;35.15;88.1;56;8;3;3;1
2025;33;7;12;1.9;0.9;25.2;34.51;87.2;61;3;1;3;1
2025;34;7;12;0.84;1.9;24.61;35.34;81.3;68;1;3;3;1
2025;35;7;12;1.55;2;24.95;34.18;77;65;1;3;4;1
2025;36;7;12;1.37;1.9;21.54;25.98;75.1;72;3;3;2;1
2025;37;7;12;1.97;3.7;19.8;33.91;68.9;78;8;5;1;2
2025;38;7;12;2.98;3.2;18.51;35.22;68.6;73;6;9;1;2
2025;39;7;12;5.14;1;18.51;35.22;68.6;68;12;1;1;2
2025;40;7;12;2.51;0;17.5;36.18;82.2;68;7;1;1;1
2025;41;7;12;2.58;3.2;18.04;37.23;88.4;76;10;8;1;1
2025;42;7;12;1.69;1;17.83;36.89;84.6;81;5;1;1;1
2025;43;7;12;1.71;0;18.93;36.39;88.1;75;5;1;1;1
2025;1;14;12;2.45;0;23.9;24.8;102.9;87;3;1;4;7
2025;2;14;12;2.01;2.1;24.1;24.7;96.7;100;2;1;4;5
2025;3;14;12;3.59;2.1;24;24;93.5;87;1;2;3;4
2025;4;14;12;5.12;2.1;23.2;24.3;99.9;79;2;2;3;3
2025;5;14;12;5.17;1;21.9;29.2;104.9;81;1;1;5;3
2025;6;14;12;4.42;1;27.2;21.4;115.3;82;5;1;3;4
2025;7;14;12;4.71;1;21.98;27.66;116;72;10;1;6;1
2025;8;14;12;3.87;4.6;22.57;21.88;112.3;68;5;3;4;9
2025;9;14;12;5.1;1.8;22.03;22.62;113.7;76;6;2;3;6
2025;10;14;12;4.35;0;0.72;29.93;110.5;64;4;1;11;6
2025;11;14;12;3.81;1.9;21.57;23.53;106.3;64;4;4;3;5
2025;12;14;12;5.2;1.9;21.58;24.07;101.6;67;11;4;3;4
2025;13;14;12;5.33;3.9;22.12;22.49;95.9;69;12;8;3;5
2025;14;14;12;7.71;1.9;22.69;22.76;100.9;53;13;1;3;6
2025;15;14;12;6.3;0.9;16.5;32.77;98.7;67;10;1;2;6
2025;16;14;12;5.49;2;17.14;32.74;99.2;61;11;1;3;6
2025;17;14;12;4.92;2;23.41;30.47;106.4;63;5;2;3;7
2025;18;14;12;3.75;4;22.06;31.19;111.2;42;8;5;3;8
2025;19;14;12;2.51;4;20.45;31.05;104.4;53;6;7;3;7
2025;20;14;12;2.45;3;20.56;30.77;102.8;71;1;4;2;4
2025;21;14;12;3.94;3;21.75;29.85;101.7;70;7;4;3;7
2025;22;14;12;3.29;0;21.64;30;111.5;62;5;1;4;8
2025;23;14;12;2.34;1;21.92;29.3;114.1;55;1;3;4;8
2025;24;14;12;2.28;1;24.1;29.08;121.2;70;1;2;6;6
2025;25;14;12;1.85;0;22.24;30.48;118.8;75;5;2;5;4
2025;26;14;12;1.8;1.2;22.37;30.17;114.9;80;1;3;5;4
2025;27;14;12;1.78;2.2;22.97;31.69;113.5;75;1;4;5;3
2025;28;14;12;1.78;2.2;22.5;30.62;113.5;72;1;4;5;5
2025;29;14;12;1.7;1.1;24.68;31.18;110.6;65;2;2;7;8
2025;30;14;12;2.31;2.2;24.71;30.36;115.1;66;6;7;7;10
2025;31;14;12;1.71;3.3;28.45;30.98;119.2;53;1;8;8;5
2025;32;14;12;2.32;2.2;28.18;29.52;114.8;60;4;5;8;6
2025;33;14;12;2.11;2.2;28.07;29.49;111.6;61;4;5;7;5
2025;34;14;12;1.92;1.1;27.01;29.27;106.6;67;4;2;7;6
2025;35;14;12;1.83;1.1;28.08;28.7;104.9;68;2;2;7;7
2025;36;14;12;0.74;2.2;23.57;21.16;102.4;72;1;4;6;9
2025;37;14;12;1.08;4.1;22.26;29.98;98.2;81;1;7;4;4
2025;38;14;12;2.08;2.1;21.19;30.37;96.1;79;2;7;4;5
2025;39;14;12;3.13;2.2;21.19;30.37;96.1;73;5;5;4;5
2025;40;14;12;2.46;5.5;20.7;30.18;108.1;75;6;10;5;9
2025;41;14;12;2.6;2.2;21.04;30.52;113.1;80;11;3;5;7
2025;42;14;12;1.5;4.1;20.87;30.17;105.7;78;2;9;5;7
2025;43;14;12;1.16;5.3;22.32;30.82;107.1;80;1;12;5;5
2025;1;94;12;4.95;3.7;24;25;89.8;90;12;7;6;5
2025;2;94;12;3.61;2.8;25.2;25.4;86.6;100;9;2;5;4
2025;3;94;12;4.68;0;25.4;25.1;83.8;84;6;1;7;2
2025;4;94;12;6.65;3;24.4;25.5;90.9;81;4;4;6;2
2025;5;94;12;5.98;2.9;23.6;28.7;90.9;77;3;5;8;4
2025;6;94;12;5.46;4.2;27.9;21.7;99.8;77;8;9;4;3
2025;7;94;12;4.39;4.1;21.93;28.62;98.2;69;8;7;5;6
2025;8;94;12;5.03;4.9;22.27;23.24;98.4;75;12;4;3;11
2025;9;94;12;4.25;4.9;22.48;23.88;101.7;64;2;11;4;4
2025;10;94;12;5.89;6.9;0.29;30.39;100.1;69;8;11;1;5
2025;11;94;12;5.27;6.7;23.13;23.57;97.6;65;10;11;4;4
2025;12;94;12;3.99;2;23.31;22.94;89.5;63;9;5;4;5
2025;13;94;12;4.82;3.1;22.28;23.54;84.7;61;9;5;4;4
2025;14;94;12;4.88;7;23.03;24.26;84.6;46;7;9;4;4
2025;15;94;12;6.86;6.6;17.18;33.08;83.5;66;12;12;3;5
2025;16;94;12;6.09;2.9;16.55;34.21;83.8;62;12;3;2;2
2025;17;94;12;5.33;2.8;22.86;31.63;90.9;54;9;4;2;4
2025;18;94;12;3.63;2;20.79;32.78;93.7;51;7;3;2;4
2025;19;94;12;2.42;3.2;19.54;33.21;89.7;55;4;5;2;2
2025;20;94;12;3.08;3.3;20.6;32.51;89.3;71;6;5;3;2
2025;21;94;12;3.37;3.2;21.53;31.25;85.7;69;3;6;2;2
2025;22;94;12;3.31;2.1;20.07;31.28;89.7;56;6;4;2;5
2025;23;94;12;3.82;5.6;20.01;30.68;90.7;47;8;11;2;5
2025;24;94;12;2.95;2.2;21.02;31.13;93.7;68;6;5;3;2
2025;25;94;12;2.2;2.2;19.62;31.95;92.2;66;6;5;2;3
2025;26;94;12;2.63;1.1;19.09;31.11;93.5;68;5;2;2;3
2025;27;94;12;3.82;0;20.05;32.99;91.2;73;8;1;2;2
2025;28;94;12;3.82;0;21.58;33.27;93.4;74;8;1;4;2
2025;29;94;12;2.62;1.1;23.26;33.34;87.9;70;7;3;3;2
2025;30;94;12;2.07;1.1;23.06;32.51;88.7;62;5;4;3;2
2025;31;94;12;2.26;3.3;25.76;33.33;90.5;59;7;9;6;2
2025;32;94;12;2.25;1.1;25.83;32.2;89.6;60;2;2;6;2
2025;33;94;12;2.43;5.3;25.89;31.24;90.1;58;6;10;4;2
2025;34;94;12;1.59;4;24.95;31.38;88;67;2;10;4;3
2025;35;94;12;2.06;3;24.7;30.62;84.5;67;4;6;3;4
2025;36;94;12;1.47;3;22.71;22.72;81.8;77;4;7;4;5
2025;37;94;12;1.33;6.9;21.61;29.63;77.7;72;2;11;3;5
2025;38;94;12;3.27;2;20.5;30.33;79.3;76;10;6;3;6
2025;39;94;12;3.19;2.2;20.5;30.33;79.3;77;7;6;3;6
2025;40;94;12;1.32;3.4;19;30.66;83.8;74;1;9;2;7
2025;41;94;12;1.61;4;19.23;32.31;92.1;76;2;10;2;4
2025;42;94;12;1.81;3.1;19.48;31.9;86;80;9;7;3;5
2025;43;94;12;2.16;4;19.39;33.2;86.7;77;9;8;2;2
2025;1;7;13;9.21;4.1;12.4;27.8;64.9;84;13;9;4;7
2025;2;7;13;5.89;5;12.2;26.2;61;98;9;8;4;8
2025;3;7;13;8.87;7.3;11.9;26;61;98;10;10;4;7
2025;4;7;13;12.43;10.7;11.5;25.3;66.6;82;12;12;4;8
2025;5;7;13;11.9;6.5;9.1;34.8;72.6;89;12;7;5;4
2025;6;7;13;10.61;9.3;14.2;29;78.5;92;11;11;4;4
2025;7;7;13;10.62;7.5;9.3;35.38;83.1;92;13;12;4;7
2025;8;7;13;6.51;1.9;12.85;28.59;85.6;92;5;3;4;9
2025;9;7;13;4.43;1.9;13.76;29.28;90.2;89;3;4;4;4
2025;10;7;13;4.82;1.8;0.51;37.3;92.8;83;3;2;7;3
2025;11;7;13;5.63;1.9;14.62;30.34;91.9;95;4;5;5;5
2025;12;7;13;4.81;1.9;14.45;30.43;88.5;86;9;4;5;4
2025;13;7;13;4.98;1.8;13.6;30.07;86.1;95;10;5;4;4
2025;14;7;13;5.02;1.8;14.91;30.49;82;34;3;5;5;4
2025;15;7;13;5.69;1.9;9.91;39.71;82.1;71;10;7;3;3
2025;16;7;13;4.81;2.9;7.7;38.35;81.4;99;6;8;2;4
2025;17;7;13;6.21;1.9;11.38;37.24;86.2;90;7;4;2;3
2025;18;7;13;5.29;2.8;12.09;37.91;91.2;85;12;7;2;4
2025;19;7;13;3.56;1;10.2;37.9;87.7;75;6;2;2;4
2025;20;7;13;2.73;1.9;10.43;38.09;88.8;88;2;6;2;3
2025;21;7;13;2.86;2;9.61;38.87;83.1;96;2;5;2;3
2025;22;7;13;3.36;2.1;9.74;39.31;82.2;95;4;5;2;4
2025;23;7;13;3.05;4;9.43;39.74;79.3;85;5;11;2;4
2025;24;7;13;2.67;5.8;10.39;40.52;83.8;85;5;11;2;4
2025;25;7;13;3.82;1.9;9.38;41.13;80.5;84;8;3;2;1
2025;26;7;13;3.29;4;10.4;41.23;80.5;91;4;9;2;1
2025;27;7;13;2.68;1;10.03;41.58;78.2;92;1;1;2;1
2025;28;7;13;2.68;1;9.64;41.76;79.9;90;1;1;2;1
2025;29;7;13;4.63;1;8.72;44.07;82.2;82;6;3;2;1
2025;30;7;13;3.28;2.1;8.71;43.4;83.3;95;3;7;2;1
2025;31;7;13;5.03;1;8.83;43.29;85.1;83;7;4;2;1
2025;32;7;13;4.45;1.9;8.71;42.92;80.7;80;9;5;2;1
2025;33;7;13;4.54;1;8.84;42.96;79.9;74;7;4;2;1
2025;34;7;13;3.31;1;8.44;42.81;77.3;56;4;3;2;2
2025;35;7;13;4.13;1.9;9.91;43.55;78.2;73;7;4;4;1
2025;36;7;13;2.9;1;12.73;34.03;81.3;100;4;1;4;1
2025;37;7;13;3.27;2;8.75;43.38;77.2;100;5;2;3;1
2025;38;7;13;4.57;2.2;7.99;43.37;72.7;78;9;3;3;1
2025;39;7;13;4.95;3.2;7.99;43.37;72.7;79;10;6;3;1
2025;40;7;13;6.29;3.2;6.84;43.4;70.4;70;12;5;2;1
2025;41;7;13;3.94;2.1;8.59;44.31;73.3;79;8;2;4;1
2025;42;7;13;2.65;2.1;8.65;44.71;71.7;69;5;3;4;1
2025;43;7;13;1.77;2;8.16;40.87;71.7;77;2;2;2;2
2025;1;14;13;7.71;5.5;14.9;24.9;80.7;89;11;12;12;10
2025;2;14;13;4.76;6.6;15;23.5;77.6;98;4;11;12;12
2025;3;14;13;8.19;8.2;14.5;23.6;79.7;95;8;13;12;9
2025;4;14;13;10.09;9;14.5;24.1;85.3;80;10;10;11;11
2025;5;14;13;10.8;5.5;14.3;32.7;89.9;90;10;5;12;9
2025;6;14;13;8.26;6.4;18.1;25.8;92.9;94;9;7;11;8
2025;7;14;13;8.45;5;13.16;32.62;96.5;90;8;6;10;4
2025;8;14;13;8.86;2;15.54;27;98.4;89;12;6;8;6
2025;9;14;13;7.99;1.9;16.54;26.88;106.3;93;10;5;11;9
2025;10;14;13;7.76;2.9;0.34;35.54;114.7;81;8;6;6;6
2025;11;14;13;8.14;1;17.83;27.85;123.8;94;9;1;11;9
2025;12;14;13;6.28;0;17.72;27.57;120.8;83;12;1;11;9
2025;13;14;13;4.2;1;18.17;28.4;111.6;95;4;2;11;6
2025;14;14;13;5.65;1.9;18.2;26.98;107.6;42;5;6;10;10
2025;15;14;13;5.29;1;12.59;35.58;102.6;67;9;4;7;7
2025;16;14;13;5.61;0;10.92;35.29;100.3;99;12;1;7;9
2025;17;14;13;5.56;1.1;14.89;34.39;104.7;89;5;3;6;8
2025;18;14;13;4.37;2;16.44;34.01;105.5;80;7;4;5;9
2025;19;14;13;3.84;3;14.05;33.58;106.6;92;8;11;5;10
2025;20;14;13;3.35;1.1;13.99;34.38;106.1;89;5;2;4;8
2025;21;14;13;3.27;1.1;13.45;35.32;98.7;89;3;3;4;8
2025;22;14;13;3.59;1.1;13.08;37.17;105.5;90;6;2;4;7
2025;23;14;13;2.9;0;13.14;37.87;102.6;84;3;1;5;7
2025;24;14;13;2.69;0;12.9;38.3;107.1;83;6;1;5;8
2025;25;14;13;2.1;4.2;11.66;38.72;107.1;84;1;7;4;7
2025;26;14;13;2.87;3.2;12.35;38.07;104.1;95;2;7;4;7
2025;27;14;13;3.41;5.9;11.37;39.67;101.8;90;4;10;4;5
2025;28;14;13;3.41;5.9;10.35;39.82;97.9;97;4;10;3;3
2025;29;14;13;3.39;1.9;9.79;39.18;97.1;94;1;6;3;7
2025;30;14;13;3.23;1.9;9.62;38.27;98.6;92;2;5;3;6
2025;31;14;13;2.99;2;9.61;38.02;96.7;77;1;8;4;6
2025;32;14;13;3.9;1.9;9.97;37.88;98.4;71;2;6;4;7
2025;33;14;13;3.39;0;9.97;37.49;96;73;1;1;5;7
2025;34;14;13;3.4;1;9.86;38.52;98.3;51;5;4;5;5
2025;35;14;13;3.21;2.1;10.22;37.96;97.3;87;1;7;5;6
2025;36;14;13;2.9;1.1;14.13;29.97;94.7;100;5;2;7;6
2025;37;14;13;4.2;2.3;10.6;36.53;93.5;100;9;5;6;5
2025;38;14;13;4.12;3.4;10.16;37.23;89.2;82;4;9;6;6
2025;39;14;13;4.61;1.1;10.16;37.23;89.2;80;6;2;6;6
2025;40;14;13;3.62;2.1;9.09;40.39;92.6;76;4;1;6;5
2025;41;14;13;2.13;1;9.86;38.08;90.3;82;4;1;6;6
2025;42;14;13;3.05;3.1;9.61;38.07;85.7;73;7;5;5;6
2025;43;14;13;3.13;2.1;9.83;38.23;80.1;74;9;3;5;6
2025;1;94;13;11.42;6;14;23.6;73.3;88;14;13;9;12
2025;2;94;13;8.47;7.8;13.6;23.3;73.5;92;14;14;6;13
2025;3;94;13;9.59;2.6;13.2;23.5;71.9;95;13;2;6;10
2025;4;94;13;9.65;4.5;12.6;24.5;74.1;75;9;2;5;9
2025;5;94;13;11.52;7.8;10.5;33.1;80;88;11;10;6;6
2025;6;94;13;11.07;6.9;14.8;29.4;86.9;94;13;8;5;3
2025;7;94;13;9.49;5.2;11.5;36.45;92.4;95;12;7;6;10
2025;8;94;13;6.7;4.8;13.02;30.7;93.6;88;6;11;5;11
2025;9;94;13;5.95;4.1;14.06;30.14;96.9;91;7;10;5;3
2025;10;94;13;5.74;4.3;0.21;37.54;90.1;76;4;8;4;2
2025;11;94;13;6.41;3.3;13.75;31.98;93.9;98;5;10;4;2
2025;12;94;13;4.24;3.2;13.37;30.67;90.7;87;8;9;4;3
2025;13;94;13;4.87;4;13.56;31.43;84.5;92;9;11;3;3
2025;14;94;13;6.35;5.4;14.1;31.82;87.5;47;10;13;4;3
2025;15;94;13;6.15;2.2;9.17;38.93;84.5;76;13;8;2;4
2025;16;94;13;3.96;2.1;8.43;38.46;77.5;99;4;6;3;3
2025;17;94;13;6.34;2.1;11.54;36.1;85.2;87;8;5;3;5
2025;18;94;13;4.79;3.2;12.35;35.27;88.1;83;10;12;3;8
2025;19;94;13;3.31;2;11.31;36.23;93.5;73;4;5;3;5
2025;20;94;13;3.75;1.1;12.27;37.04;101.2;89;6;4;3;6
2025;21;94;13;2.49;3.1;11.63;36.35;94.5;92;1;8;3;6
2025;22;94;13;3.4;2.1;11.39;37.91;96.3;96;5;6;3;6
2025;23;94;13;2.99;0;10.95;37.52;91;83;4;2;3;8
2025;24;94;13;1.64;3.3;10.61;39.59;86.7;87;1;8;3;5
2025;25;94;13;2.98;6.6;10.43;38.74;85.6;89;4;13;3;5
2025;26;94;13;3.58;3.2;11.11;38.75;84.5;93;6;8;3;6
2025;27;94;13;3.38;1.1;10.56;39.25;80.9;91;3;4;3;7
2025;28;94;13;3.38;1.1;11.12;39.21;82.9;91;3;4;4;5
2025;29;94;13;3.46;1.1;9.85;38.85;78.8;92;2;5;5;8
2025;30;94;13;2.57;2.1;9.78;37.78;79.4;95;1;9;4;8
2025;31;94;13;3.77;0;9.53;36.87;79.8;67;3;2;3;8
2025;32;94;13;4.06;3.1;9.76;38.48;79.2;68;4;11;3;6
2025;33;94;13;3.62;1.1;9.18;38.48;79.6;59;2;8;3;5
2025;34;94;13;2.56;4.2;8.5;37.8;82.5;56;1;10;3;7
2025;35;94;13;3.44;3.1;8.91;38.34;83;61;2;9;2;5
2025;36;94;13;1.57;5.6;11.39;30.12;79.4;93;1;12;2;5
2025;37;94;13;2.59;4.1;7.83;36.24;75.5;100;2;7;2;6
2025;38;94;13;2.79;3;7.28;37.5;74;64;1;6;2;5
2025;39;94;13;4.43;8.3;7.28;37.5;74;84;5;12;2;5
2025;40;94;13;4.34;5;7.49;37.9;69.1;64;8;12;4;6
2025;41;94;13;3.96;5.9;7.79;37.6;71.9;57;9;9;3;7
2025;42;94;13;3.37;2.1;7.69;37.32;69.8;63;9;4;2;7
2025;43;94;13;2.82;3.1;9.8;37.74;68.8;69;7;5;4;7
2025;1;7;14;7.03;1.3;14;44.1;50.5;79;12;5;11;4
2025;2;7;14;4.5;8.2;16;40.8;43.5;78;11;11;13;5
2025;3;7;14;7.05;14.5;16.9;38.2;36;86;9;15;13;5
2025;4;7;14;16.11;6.8;17;38.5;40.3;65;10;6;12;6
2025;5;7;14;13.79;3.9;14.2;41.3;41.4;64;10;9;13;9
2025;6;7;14;11.39;3.8;15.9;32.7;47.2;65;13;3;11;11
2025;7;7;14;8.36;4;12.72;45.14;52.5;58;13;10;12;12
2025;8;7;14;6.2;1.3;12.34;41.35;52.4;74;9;3;11;12
2025;9;7;14;5.46;0;13.12;38.1;50.6;82;9;1;10;6
2025;10;7;14;8.8;3.8;0;48.14;48.3;75;12;11;1;7
2025;11;7;14;7.28;3.8;13.58;34.77;50.1;67;11;12;11;12
2025;12;7;14;4.63;3.9;14.25;35.59;49.5;78;10;10;11;12
2025;13;7;14;5.04;3.8;13.88;33.24;44.6;83;8;10;11;13
2025;14;7;14;9.67;2.6;13.06;38.75;45.2;35;13;10;7;8
2025;15;7;14;7.46;2.4;10.77;50.4;43.8;57;12;4;12;8
2025;16;7;14;7.13;1.2;9.56;52.66;44.1;54;12;1;12;2
2025;17;7;14;12.17;2.6;10.88;49.86;45.4;63;13;7;8;7
2025;18;7;14;4.23;0;10.01;48.37;47.4;52;10;1;7;6
2025;19;7;14;4.68;0;8.89;45.89;44.2;60;12;1;7;9
2025;20;7;14;4.99;3.9;9.47;45;43.7;74;11;9;7;8
2025;21;7;14;5.33;5;10.64;46.62;39.8;58;10;12;9;4
2025;22;7;14;5.62;1.3;9.99;48.41;49.2;51;12;5;9;6
2025;23;7;14;7;1.3;8.9;46.9;50.2;67;12;5;8;6
2025;24;7;14;3.15;0;9.97;47.3;52.2;74;6;1;10;6
2025;25;7;14;2.13;0;8.76;45.79;50.6;66;7;1;10;10
2025;26;7;14;2.51;2.6;8.08;45.27;43.8;81;7;4;7;9
2025;27;7;14;3.2;5.1;7.84;45.05;42.8;59;7;11;8;10
2025;28;7;14;3.2;5.1;6.51;46.77;44.5;56;7;11;7;8
2025;29;7;14;1.95;0;5.61;46.23;48.8;54;3;1;7;11
2025;30;7;14;3.14;1.4;5.26;44.72;47.9;88;7;9;6;11
2025;31;7;14;3.66;2.6;5.89;43.05;43.9;73;7;10;7;12
2025;32;7;14;3.11;1.3;5.73;42.71;46.8;80;6;5;6;12
2025;33;7;14;3.08;2.6;5.21;45.32;53.1;84;5;4;5;8
2025;34;7;14;1.65;1.3;4.87;44.99;51;66;2;2;4;12
2025;35;7;14;2.72;1.3;5;43.95;51;54;5;2;3;12
2025;36;7;14;2.1;1.4;10.11;39.55;49.7;69;7;3;7;11
2025;37;7;14;1.57;0;6.33;48.58;45.2;79;3;1;4;10
2025;38;7;14;1.39;3.9;6.55;46.01;44.5;96;1;11;5;11
2025;39;7;14;3.32;1.4;6.55;46.01;44.5;89;9;7;5;11
2025;40;7;14;3.75;5.6;5.87;49.4;42.3;71;10;13;4;7
2025;41;7;14;4.3;5.6;5.83;48.69;47.1;73;11;13;4;10
2025;42;7;14;2.63;2.6;5.63;49.57;44.9;80;9;8;4;9
2025;43;7;14;6.72;0;5.42;49.69;46;73;13;1;3;7
2025;1;14;14;6.81;1.3;13.3;39.2;56.4;80;11;5;10;13
2025;2;14;14;5.17;4.1;13.8;37.6;48.5;68;12;3;10;13
2025;3;14;14;8.5;5.5;13.9;35.9;47.8;75;10;6;10;11
2025;4;14;14;14.02;9.1;13.6;35.1;48.9;57;8;10;9;13
2025;5;14;14;17.35;0;11.4;43;54.1;66;13;1;9;6
2025;6;14;14;6.8;4;14.4;33.7;55.1;66;8;5;9;8
2025;7;14;14;5.63;1.4;12.67;42.09;59.8;63;9;2;11;4
2025;8;14;14;6.31;2.6;11.74;38.38;62.9;71;10;8;10;6
2025;9;14;14;7.2;2.7;11.12;37.41;60.5;77;13;11;8;10
2025;10;14;14;5.21;2.7;0.01;47.41;66.7;69;7;8;4;8
2025;11;14;14;5.22;0;12.29;38.36;69.9;80;7;1;8;9
2025;12;14;14;5.83;0;13.92;38.05;63.5;91;13;2;10;10
2025;13;14;14;3.74;1.3;12.07;36.67;57;80;6;5;7;9
2025;14;14;14;4.57;1.3;13.86;37.02;53.7;45;7;5;9;10
2025;15;14;14;7.1;2.4;8.56;52.66;47.7;75;11;5;7;4
2025;16;14;14;5.27;3.7;6.86;51.45;45.3;79;10;8;6;6
2025;17;14;14;6.68;2.4;7.99;50.66;49.3;67;9;5;4;6
2025;18;14;14;4.25;3.3;8.54;50.07;56.3;78;11;10;4;2
2025;19;14;14;3.34;3.6;7.58;48.14;58.6;82;10;8;4;4
2025;20;14;14;4.89;0;7.45;47.84;61.6;75;10;1;4;3
2025;21;14;14;5.35;0;7.12;47.3;59.6;66;11;2;4;3
2025;22;14;14;4.62;1.1;7.12;47.11;58.7;72;10;4;4;8
2025;23;14;14;6.48;2.2;7.03;44.69;61.2;71;10;8;4;10
2025;24;14;14;6.2;3.1;8.24;46.61;64.7;65;12;9;8;7
2025;25;14;14;3.54;2.2;7.53;48.43;66.2;71;9;7;8;8
2025;26;14;14;4.26;3.4;7.94;48.56;66.2;67;10;7;6;7
2025;27;14;14;6;1.2;7.42;48.18;63.6;69;10;4;7;7
2025;28;14;14;6;1.2;6.14;48.45;57;77;10;4;6;5
2025;29;14;14;1.51;1.2;3.68;49.68;57.7;91;1;3;2;6
2025;30;14;14;2.96;1.3;3.82;47.56;57.4;93;5;4;3;10
2025;31;14;14;3.89;0;4.78;45.4;57.6;79;8;1;4;10
2025;32;14;14;4.8;0;4.22;46.81;64.8;89;8;2;4;7
2025;33;14;14;3.23;1.3;4.79;47.41;68.2;88;6;2;4;4
2025;34;14;14;3.16;2.7;4.43;48.43;68.8;84;8;6;3;6
2025;35;14;14;4.28;2.6;5.31;45.31;71.8;78;9;8;4;10
2025;36;14;14;4.7;1.5;10.04;33.37;72.3;81;13;4;6;13
2025;37;14;14;2.55;2.9;4.73;50.33;73.3;96;7;8;3;5
2025;38;14;14;2.96;4.4;5.56;49.68;65.3;96;9;12;3;8
2025;39;14;14;5.68;1.4;5.56;49.68;65.3;98;11;8;3;8
2025;40;14;14;3.29;2.7;4.2;49.3;61.6;85;9;9;3;8
2025;41;14;14;3.45;1.4;4.58;48.96;60.1;77;10;9;3;9
2025;42;14;14;3.84;1.4;4.64;50.62;57.7;81;11;5;3;7
2025;43;14;14;2.53;0;5.68;49.17;62.2;73;6;3;5;9
2025;1;94;14;1.68;2.9;8.3;44.1;49.2;70;3;11;4;5
2025;2;94;14;1.62;5.8;8.6;41.6;42.1;100;2;6;5;4
2025;3;94;14;4.35;4.3;8.8;39.1;37.6;89;6;3;5;4
2025;4;94;14;12.32;8.7;7.7;38.2;36.5;66;5;9;3;7
2025;5;94;14;9.31;4.2;5.3;47.7;38.6;68;5;10;2;1
2025;6;94;14;6.21;4.3;9.5;36.5;42.4;66;6;7;2;3
2025;7;94;14;4.43;1.4;6.51;46.03;45;68;6;3;3;7
2025;8;94;14;2.77;6.9;7.43;38.34;44.6;84;3;13;2;5
2025;9;94;14;3.48;8.3;7.11;37.76;43.8;65;4;13;2;9
2025;10;94;14;4.2;4.3;0.28;48.52;43.6;79;5;12;10;6
2025;11;94;14;4.1;4;7.49;39.13;42.1;94;6;13;2;8
2025;12;94;14;4.19;5.2;7.94;38.8;40.3;88;9;13;1;7
2025;13;94;14;6.69;2.6;7.44;40.06;42.6;84;12;9;2;7
2025;14;94;14;5.92;0;7.84;41.69;43.4;39;10;2;3;6
2025;15;94;14;4.3;3.9;3.62;52.27;43.7;72;9;10;1;5
2025;16;94;14;3.67;3.7;3.37;51.02;40.9;65;7;9;1;7
2025;17;94;14;7.65;0;6.09;51.42;46.5;64;10;2;1;4
2025;18;94;14;2.91;2.4;5.96;48.91;48.1;76;5;8;1;5
2025;19;94;14;1.98;1.3;4.52;47.85;45.7;72;6;2;1;5
2025;20;94;14;2.34;1.3;5.72;46.16;42.3;79;5;2;1;6
2025;21;94;14;4.6;2.7;5.65;44.97;36.7;79;9;9;1;7
2025;22;94;14;3.67;0;4.26;48.61;40.3;74;7;3;1;5
2025;23;94;14;4.9;1.3;4.22;47.49;38.8;82;7;6;1;5
2025;24;94;14;3.24;0;4.2;46.37;40.1;84;7;3;1;9
2025;25;94;14;1.2;1.3;3.09;50.36;42.3;75;3;6;1;6
2025;26;94;14;1.65;3.8;3.85;47.23;40;79;5;9;1;8
2025;27;94;14;2.6;0;3.43;48.81;39.7;68;6;2;1;6
2025;28;94;14;2.6;0;2.51;49.73;42.6;76;6;2;1;4
2025;29;94;14;2.69;1.4;1.93;50.55;41.7;93;6;7;1;4
2025;30;94;14;2.98;2.6;2.01;48.14;43.6;88;6;11;1;8
2025;31;94;14;2.47;1.3;1.99;48.8;44.3;83;4;6;1;5
2025;32;94;14;1.75;0;2.04;43.14;42.9;78;2;4;1;10
2025;33;94;14;2.43;2.6;2.62;46.89;43.2;82;3;6;1;5
2025;34;94;14;2.07;1.3;2.82;48.7;41.9;72;4;4;1;5
2025;35;94;14;2.48;1.3;2.52;50.18;43.4;72;4;4;1;3
2025;36;94;14;2.24;2.6;4.99;43.04;36.7;84;8;7;1;7
2025;37;94;14;3.78;1.3;3.85;48.85;40.4;81;12;5;1;8
2025;38;94;14;2.18;1.3;4.66;49.84;37.5;88;5;4;2;6
2025;39;94;14;1.9;2.7;4.66;49.84;37.5;88;3;11;2;6
2025;40;94;14;2.54;1.3;1.95;53.7;36.8;72;8;6;1;3
2025;41;94;14;2.36;0;1.98;50.74;34.7;85;6;4;1;6
2025;42;94;14;1.19;2.5;2.02;51.94;32.8;80;4;7;1;4
2025;43;94;14;3.25;1.3;2.01;52.13;33.5;87;10;7;1;4
2025;1;7;15;6.71;4.3;5.8;33.7;27.5;79;9;14;3;2
2025;2;7;15;5.06;7;6.2;30.9;24.3;85;5;11;3;2
2025;3;7;15;7.7;6.3;6.3;30.5;25.4;84;5;10;3;3
2025;4;7;15;8.67;6.5;6.1;30.2;29.6;71;4;8;3;3
2025;5;7;15;12.16;3.1;6.6;34.8;34.8;90;9;12;7;2
2025;6;7;15;6.4;3.4;6.1;28.7;39.6;81;8;12;2;2
2025;7;7;15;6.31;1;7;40.91;48;96;8;3;8;2
2025;8;7;15;3.97;1;8.69;31.05;48.4;90;2;3;4;12
2025;9;7;15;5.57;3;9.49;30.77;45.8;98;4;9;5;4
2025;10;7;15;9.84;1;0.58;34.62;47;77;10;5;10;7
2025;11;7;15;8.16;1;10.75;27.54;46.2;85;10;3;6;5
2025;12;7;15;4.34;1.9;10.7;28.16;47.5;84;7;7;6;5
2025;13;7;15;3.24;2;10.84;27.61;49.9;85;1;11;7;5
2025;14;7;15;1.7;4.2;10.02;26.35;47.2;39;1;11;4;6
2025;15;7;15;4.4;5.2;8.45;37.79;46.4;75;4;12;10;3
2025;16;7;15;8.18;4.1;6.62;37.09;41.6;86;9;9;7;3
2025;17;7;15;9.1;3.9;11.42;36.67;42;89;8;12;9;6
2025;18;7;15;7.57;2.1;10.85;36.85;43.7;37;12;8;6;5
2025;19;7;15;3.99;5.2;9.54;36.46;39.9;82;9;13;6;4
2025;20;7;15;4.53;4.1;8.48;38.1;39.5;77;7;11;5;3
2025;21;7;15;5.07;5.4;8.95;35.56;37.4;70;6;13;5;3
2025;22;7;15;5.15;3.1;8.97;34.86;39.6;66;7;12;4;7
2025;23;7;15;5.12;2.1;7.71;34.94;87.1;51;6;9;4;5
2025;24;7;15;5.06;4.3;8.12;35.18;98.5;79;7;13;6;6
2025;25;7;15;3.77;3.1;6.85;36.06;89.7;82;6;12;3;5
2025;26;7;15;6.22;3;8.45;34.85;87.6;57;9;9;5;6
2025;27;7;15;6.18;1;8.37;33.66;85.7;59;9;3;6;9
2025;28;7;15;6.18;1;8.84;33.43;83.9;54;9;3;6;9
2025;29;7;15;5.4;1;9.67;33.2;79.1;50;8;4;11;11
2025;30;7;15;6;3.1;8.67;34.44;83.1;88;5;11;9;6
2025;31;7;15;5.96;1.1;11.13;33.28;88.4;74;8;7;10;8
2025;32;7;15;5.46;4;10.69;35.03;78.9;49;7;11;11;8
2025;33;7;15;5.66;2.1;10.05;33.85;79.4;69;7;10;11;9
2025;34;7;15;5.45;2;9.38;35.67;75.3;80;8;8;11;7
2025;35;7;15;5.21;5;11.43;34.73;72.9;76;6;13;13;9
2025;36;7;15;5.47;2;11.77;25.14;81.3;80;12;8;12;8
2025;37;7;15;4.12;4;8.94;33.9;77.6;86;9;12;10;11
2025;38;7;15;3.95;5.9;8.48;33.83;73.4;87;6;12;11;11
2025;39;7;15;5.04;1;8.48;33.83;73.4;83;7;7;11;11
2025;40;7;15;6.36;9.3;7.3;34.3;71.7;88;10;13;10;10
2025;41;7;15;8.59;4.2;7.65;34.61;74.3;77;12;11;9;10
2025;42;7;15;8.12;1.9;8.77;35.33;74.7;64;13;5;10;6
2025;43;7;15;5.08;2.8;8.62;35.95;89.2;74;9;10;9;6
2025;1;14;15;5.38;1;9.4;25.3;56.1;90;3;6;11;14
2025;2;14;15;5.04;1;9.8;24.8;53.7;79;4;2;11;11
2025;3;14;15;6.92;2.9;9.4;24.3;55.5;87;4;3;10;11
2025;4;14;15;8.54;3.8;9.3;23.9;66.9;88;3;4;10;13
2025;5;14;15;6.06;0.9;7.3;26.9;79.6;92;1;1;10;13
2025;6;14;15;6.02;0;13.1;22.4;88.5;82;6;1;11;7
2025;7;14;15;5.96;1;7.26;35.26;93;96;6;2;9;1
2025;8;14;15;5.34;0.9;13.94;25.68;89.9;87;7;2;11;7
2025;9;14;15;7.31;0.9;13.15;25.48;86.5;98;8;2;12;9
2025;10;14;15;10.19;1.8;0.5;32.1;82.5;88;11;9;8;11
2025;11;14;15;7.33;1.8;11.33;25.14;73.7;71;9;8;8;10
2025;12;14;15;7.07;0;10.91;23.57;72.2;80;12;2;7;11
2025;13;14;15;5.91;0.9;10.72;24.19;69;76;7;5;6;8
2025;14;14;15;7.62;1;11.66;27.51;69.6;56;8;3;10;5
2025;15;14;15;8.06;0;6.13;37.42;72.4;77;8;1;2;6
2025;16;14;15;5.24;0.9;5.93;34.73;68.9;86;5;1;5;6
2025;17;14;15;4.77;1.9;10.41;34.91;66.6;81;4;8;7;7
2025;18;14;15;5.54;3.6;11.93;32.42;68.8;35;9;13;9;11
2025;19;14;15;5.14;3.7;9.03;31.19;62.4;60;11;11;5;11
2025;20;14;15;7.26;3.8;9.75;32.65;62.5;78;11;8;6;11
2025;21;14;15;5.38;4.7;9.27;29.99;63.1;69;7;10;6;11
2025;22;14;15;6.75;1.9;10.24;31.46;67.1;65;11;7;7;11
2025;23;14;15;10.17;0.9;8.62;30.64;122.1;35;13;3;6;11
2025;24;14;15;5.09;1.8;9.79;30.95;130.3;79;8;6;9;12
2025;25;14;15;4.28;1;8.33;31.9;127.9;81;7;4;8;12
2025;26;14;15;4.39;4;9.52;32.11;116.4;60;6;13;9;10
2025;27;14;15;8.37;2.9;8.97;31.39;119;49;11;10;8;12
2025;28;14;15;8.37;2.9;9.72;31.06;107.6;66;11;10;8;12
2025;29;14;15;7.58;1.9;10.1;33.65;103.8;61;11;9;12;10
2025;30;14;15;9.92;1.9;9.86;34.12;109.9;91;13;6;11;9
2025;31;14;15;4.89;2.7;11.71;32.63;109.4;84;3;11;12;9
2025;32;14;15;4.21;3;10.9;32.74;109.6;45;3;10;12;9
2025;33;14;15;6.66;1;10.94;31.76;117.8;53;10;3;13;10
2025;34;14;15;3.67;1;8.43;31.19;96.1;75;3;5;7;12
2025;35;14;15;4.1;2;9.37;32.91;100.6;89;3;7;8;12
2025;36;14;15;5.38;4;11.69;23.13;88;89;11;11;11;13
2025;37;14;15;4.58;1.9;8.97;34.88;86.6;95;11;7;11;9
2025;38;14;15;4.34;2;8.5;35.08;90;85;7;7;12;9
2025;39;14;15;5.98;3.1;8.5;35.08;90;76;9;9;12;9
2025;40;14;15;9.06;1;45814;33.8;90.7;90;13;4;8;11
2025;41;14;15;9.22;1.1;7.44;33.99;87.3;88;13;4;4;11
2025;42;14;15;4.84;2.1;6.88;33.21;81;69;9;7;5;10
2025;43;14;15;4.79;3.2;6.18;32.96;71.5;87;8;12;2;10
2025;1;94;15;5.26;1.9;8.7;27.5;44.9;88;2;7;9;9
2025;2;94;15;5.45;8.4;10;28.4;47.1;72;6;13;12;5
2025;3;94;15;7.82;9.3;9.9;27.5;45.4;74;6;13;12;4
2025;4;94;15;10.52;6.9;9.4;28.2;49.9;68;6;10;11;5
2025;5;94;15;11.5;2.9;6.5;31.6;58.2;81;7;8;6;4
2025;6;94;15;4.51;1.9;11.2;21.8;64.9;76;2;6;8;9
2025;7;94;15;4;2;6.27;33.87;58.5;82;1;5;5;9
2025;8;94;15;5.18;4.2;11.23;24.29;61.7;91;6;10;9;6
2025;9;94;15;7.4;1;9.93;25.85;59.4;89;9;4;6;7
2025;10;94;15;4.38;3.6;0.24;32.92;52.1;77;4;11;5;9
2025;11;94;15;4.81;2.8;9.13;24.57;53.3;85;5;11;4;11
2025;12;94;15;3.74;0.9;9.7;23.96;50.8;76;4;5;4;9
2025;13;94;15;4.24;1.8;9.51;22.75;52.6;72;4;9;3;11
2025;14;94;15;5.15;1.7;10.11;25.84;54.7;55;4;7;5;7
2025;15;94;15;5.73;6.1;6.21;34.82;46.8;72;7;13;4;10
2025;16;94;15;10.13;8.8;6.22;32.52;47.2;82;12;13;6;11
2025;17;94;15;14.88;1.8;8.54;32.48;48.7;76;13;7;3;12
2025;18;94;15;4.81;2.7;8.84;33.34;44.8;36;7;12;3;9
2025;19;94;15;2.24;2.8;7.5;34.85;48.1;69;5;8;3;6
2025;20;94;15;5;3.8;7.12;34.79;48.3;71;10;10;2;7
2025;21;94;15;6.03;4.9;7.27;31.86;48.6;76;8;11;3;8
2025;22;94;15;5.31;6.7;7.58;32.87;60.5;60;8;13;3;10
2025;23;94;15;8.1;5.5;6.47;34.16;97.5;70;12;13;2;7
2025;24;94;15;6.59;1.9;6.53;34.56;101.3;82;11;8;2;8
2025;25;94;15;5.93;7.1;5.76;35.8;90.7;77;10;13;2;6
2025;26;94;15;8.16;3.7;6.74;34.73;91.6;49;12;12;2;7
2025;27;94;15;12.09;0.9;7.4;35.16;93.5;44;12;2;3;5
2025;28;94;15;12.09;0.9;7.41;37.12;91.8;46;12;2;2;3
2025;29;94;15;3.95;1.1;7.24;38.11;92.1;68;3;8;5;2
2025;30;94;15;4.56;2.9;7.44;37.88;105;79;2;10;6;1
2025;31;94;15;5.35;0;8.73;37.29;100.2;66;6;1;7;1
2025;32;94;15;5.73;0;9.49;39.64;98.1;57;9;3;9;1
2025;33;94;15;4.77;2;9.88;38.87;97.5;61;2;9;9;2
2025;34;94;15;2.69;2;9.34;36.69;84;74;1;9;10;3
2025;35;94;15;3.93;3;10.4;36.48;81;82;2;11;11;5
2025;36;94;15;3.03;2;10.92;23.61;77.2;81;4;7;10;11
2025;37;94;15;3.94;1.9;8.02;36.41;75.6;81;8;8;8;7
2025;38;94;15;7.1;7.4;7.7;38.15;75.9;79;12;13;9;4
2025;39;94;15;9.35;0;7.7;38.15;75.9;83;13;3;9;4
2025;40;94;15;5.71;4.7;6.9;35.4;80.7;87;8;11;9;8
2025;41;94;15;8.27;2.9;7.52;35.36;78.5;78;11;8;8;9
2025;42;94;15;5.5;5.7;8.71;34.3;75.6;60;10;13;9;9
2025;43;94;15;7.37;1;9.27;34.49;86.2;79;12;5;11;8
